LOG_ID,systolic_peak,diastolic_peak,pulse_amplitude,arc_peak_frequency,arc_spectral_energy,arc_bandwidth,qrs_freq_power,vf_freq_power,vt_freq_power,qrs_peak_freq,ecg_std_magnitude
00fbb475a02e94c3,252.12,32.0,220.11,7.25,12081.74,50.28,322.92,434.57,869.92,0.0,69.76
011e00acde3a3342,16279.61,1685.74,14593.87,8.29,185471079.68,47.16,0.64,0.6,2.27,0.0,6.3
0124e746e00e3b4a,1520.99,189.51,1331.48,1.55,415709.79,48.78,1452.14,1582.2,5244.57,0.24,158.34
01953a9111bff808,1304.1,171.75,1132.35,14.92,428938.54,45.24,0.17,0.17,0.61,0.0,2.61
01dc302bc8104d42,1958.25,290.57,1667.67,0.55,1068265.31,45.21,0.36,0.47,0.91,0.0,4.25
01dd76707f1e037f,860.24,111.35,748.89,0.91,138706.23,45.46,0.34,0.53,0.4,6.96,3.31
022264a776be6ab2,701.73,81.46,620.27,7.36,85130.91,47.91,326.36,575.89,689.55,0.24,64.63
024ec1cf29d94ddb,236.49,30.53,205.95,7.36,10200.84,47.92,304.35,312.64,1059.32,0.24,70.5
0261f6463c47c8ce,302.15,36.2,265.95,9.57,15785.75,45.63,0.01,0.02,0.02,6.0,0.41
027478af1cce4878,429.07,50.04,379.03,7.36,31828.98,48.13,102.76,157.82,248.35,0.48,32.96
027f8977776b8fb3,1214.77,173.54,1041.23,0.57,546650.49,49.1,17.79,32.56,38.95,0.24,17.6
02917cffe4e10115,7778.11,1037.12,6740.98,3.06,17307132.38,49.82,308.19,405.81,972.52,1.92,59.4
02b5e918ead0f3f1,2377.44,317.28,2060.15,4.76,1488591.01,45.21,0.63,0.79,1.63,0.0,4.43
02bacea100f18de1,2751.55,384.0,2367.55,0.59,3991679.55,45.09,0.59,0.67,1.47,0.0,5.29
02cf7391b9d9723e,4285.78,551.4,3734.38,0.58,5901061.3,45.17,1.62,1.84,4.77,0.0,5.69
02ed6c568b0d0a34,167.77,20.37,147.4,14.34,4889.48,46.72,0.01,0.02,0.01,6.0,0.25
032a2f71d462dcd6,3167.89,358.09,2809.8,0.56,2946628.06,49.72,18.96,31.61,24.87,4.32,18.14
041b61bb85df74d7,67.94,8.01,59.93,7.36,787.27,55.15,314.72,621.58,843.46,0.24,68.99
042737f23dfdc656,749.94,106.35,643.58,18.42,105628.32,45.22,0.14,0.22,0.32,0.0,2.23
0443bf0c2eedc3aa,2283.29,297.54,1985.74,0.57,1496092.56,45.19,0.61,0.63,1.8,0.0,4.19
048f1e8e8f05904a,1875.6,264.69,1610.92,0.55,1101830.95,45.21,0.48,0.5,1.47,0.0,7.37
04bc8c7cd226af94,5956.78,765.38,5191.4,8.31,21035415.94,45.34,13.12,22.04,17.32,4.32,16.11
04eaa3addf9fb984,961.26,136.43,824.83,7.36,265219.99,45.37,0.56,0.47,2.1,0.0,8.99
057f45eb13a3172c,940.48,129.61,810.88,0.64,208649.56,45.31,0.2,0.28,0.66,0.0,5.72
05f8544134a8f2bc,26548.1,3434.6,23113.5,1.89,349601865.95,49.31,241.74,328.32,787.84,0.24,61.25
06572a3c8ce44a8b,1580.83,225.69,1355.14,0.59,1425181.64,45.13,0.6,0.46,2.41,0.0,6.99
0678ac051531b010,4824.07,656.59,4167.48,0.59,4763912.72,45.28,5.37,6.85,11.52,0.72,11.2
068fee0fb9239fbf,2991.94,408.91,2583.04,0.67,2997603.2,45.33,0.88,0.98,2.37,0.0,6.73
06995c1c9bbd0faf,1933.93,263.99,1669.95,0.62,1833857.09,45.09,0.77,0.56,3.22,0.0,7.22
06cc52203cfb85cd,2061.55,323.19,1738.36,7.36,1127374.0,45.12,0.74,1.01,1.96,0.0,7.54
06d49c64707434af,200.17,25.67,174.5,7.36,7516.78,50.49,559.76,1323.29,659.22,0.48,74.45
070560f9020bcdd0,23136.11,2962.96,20173.14,1.93,368208495.15,46.59,234.71,229.44,902.09,0.24,67.99
0731d5cc6aac855f,438.23,68.15,370.08,1.91,42827.19,45.3,0.0,0.0,0.0,6.24,0.08
0737f220a759d8df,4221.66,560.08,3661.58,7.36,3742777.82,45.42,1.69,2.89,3.32,0.24,8.03
073b9b685dc7bfc8,564.7,59.08,505.62,7.25,60771.57,49.58,141.41,319.56,291.95,0.24,40.05
0759fa504cc2ac8c,12278.47,1349.46,10929.0,13.88,98586594.83,47.12,1.0,0.66,4.03,0.0,6.0
07ae03db6071f603,2875.86,416.2,2459.66,0.61,1874672.08,45.61,1.09,1.5,2.7,0.0,6.63
07b78c1f20692c59,358.1,40.88,317.22,18.07,22188.41,48.88,0.01,0.02,0.01,6.96,0.25
07f865642f7810cc,1906.43,258.08,1648.36,0.61,1282812.32,45.24,0.95,0.63,3.92,0.0,5.85
08024282b96c84f7,344.87,39.79,305.08,15.77,20757.48,51.57,0.02,0.03,0.05,1.2,0.5
086a1f549a3285df,6934.41,760.2,6174.21,0.6,9811530.64,46.8,1.81,2.52,3.41,0.0,6.22
08c9ae417e283456,4307.86,570.74,3737.12,0.6,4033762.02,45.16,2.92,4.45,5.2,0.0,7.68
08e57f28bd8ed521,183.1,23.28,159.82,13.34,5886.57,46.73,0.01,0.02,0.01,3.6,0.45
093993bb77dcd924,968.15,111.53,856.61,3.0,166428.19,48.53,184.2,438.93,450.76,1.2,47.27
09588503b5a02bd3,10101.11,882.44,9218.67,10.22,24457602.81,45.33,171.07,266.78,209.13,4.32,43.0
09b388840f02dcf6,2825.62,348.88,2476.73,7.36,1960643.79,45.41,0.38,0.49,0.81,7.92,3.56
09f75f98b740c3a8,575.91,85.98,489.93,13.84,81497.52,45.22,0.03,0.04,0.03,9.84,1.06
0a3729cb14e188e6,2046.83,337.76,1709.07,2.67,2309421.69,50.63,21.2,54.14,43.83,1.68,19.48
0a75dee25daddfa9,96.81,12.0,84.81,9.79,1570.36,48.67,138.81,205.62,138.1,6.48,33.05
0a7c98dfdd8bc4a3,2580.4,373.45,2206.95,0.63,2947578.35,49.75,124.41,142.74,416.34,0.0,47.9
0ae6860322763766,823.94,120.81,703.13,18.67,167285.65,45.26,0.34,0.83,0.59,3.6,1.87
0b08dfa7a06e5079,34873.04,3049.83,31823.21,1.79,405745412.5,48.49,1035.35,1441.45,1861.29,0.72,111.71
0b2243929932df9d,212.82,26.76,186.05,16.04,8036.35,45.29,0.01,0.01,0.01,9.12,0.39
0b5b75a369673161,1270.61,179.91,1090.71,9.16,348709.72,45.4,0.1,0.16,0.11,7.92,1.19
0b9b62a731ed0bf7,1296.86,192.44,1104.42,0.6,468565.46,45.1,1.31,0.97,5.6,0.0,13.8
0c271829c0a2c9c4,183.39,21.9,161.48,14.72,5844.84,47.21,81.43,80.2,261.36,0.24,35.13
0c6b137659f5df02,288.6,35.56,253.04,13.76,13944.0,47.54,0.02,0.02,0.03,1.68,0.45
0c8d974ccb64a43b,178.22,20.67,157.55,18.07,5526.61,47.42,1.49,2.2,0.72,8.4,4.63
0d2a43003410d214,391.43,46.62,344.81,0.72,26593.75,46.68,0.01,0.02,0.01,3.36,0.34
0d3dcb9d9a3e523d,1412.94,198.63,1214.31,0.59,505237.97,45.26,0.44,0.57,1.23,0.0,9.38
0d3f17e195c8f14b,473.44,61.28,412.16,8.95,39394.25,46.75,0.03,0.05,0.03,7.68,0.64
0d46b6eba396a221,2682.75,332.47,2350.28,0.6,1829433.77,45.39,0.75,0.79,2.37,0.0,6.67
0d5902b2068a5d28,192.53,25.74,166.78,7.36,7715.99,48.94,471.46,1200.25,752.44,0.72,70.08
0db848c3fafa36d7,25259.42,3639.36,21620.07,1.99,325231953.51,45.73,201.11,278.76,542.3,1.2,52.74
0e20bf9e2ca2e92a,1843.92,213.4,1630.51,9.71,588599.43,47.84,389.84,836.1,477.25,3.84,56.38
0e363a45c4c60f64,2207.22,334.74,1872.48,0.62,1138956.84,45.18,0.7,1.06,1.7,0.0,7.58
0e59db1ef8ebe39f,806.26,127.16,679.1,0.72,205791.2,45.19,0.39,0.3,1.7,0.0,10.33
0e8dadd2a676eb0e,1848.1,272.96,1575.14,0.61,872078.52,45.13,0.56,0.76,1.22,7.92,6.74
0e9ce40c6021248f,482.7,54.33,428.37,3.47,42346.28,50.57,480.59,600.63,1012.42,0.48,75.66
0eb4035a28b42c12,1733.22,263.02,1470.2,0.58,1166167.49,45.16,0.99,0.82,3.66,0.0,5.31
0ec25dc3e89a44b4,913.39,114.18,799.21,0.66,153256.71,50.54,304.69,492.31,822.98,0.48,55.31
0ecf38ed306338f6,297.52,37.05,260.47,7.36,16932.95,48.61,85.35,174.82,151.47,3.6,36.35
0eebce06890fe971,5893.62,674.8,5218.82,0.62,7422609.94,45.63,0.73,1.02,1.45,0.0,3.95
0f15442df7d2b3e7,1737.95,258.35,1479.61,7.36,768769.27,45.19,0.53,0.65,1.25,7.92,8.16
0f170c6246e74b2b,4261.74,529.71,3732.03,0.6,3416082.32,45.56,3.64,5.35,5.49,0.24,9.69
0fa0fcb75a3088be,342.91,40.34,302.57,0.73,19411.37,49.07,369.74,569.42,1081.57,0.72,67.8
0fab522159f4c69e,0.01,0.0,0.01,0.46,0.0,45.0,0.0,0.0,0.0,0.0,0.0
0fe08e8d4e0348de,411.37,73.09,338.27,6.25,39005.19,46.72,0.17,0.59,0.21,4.8,1.5
101968e3128ff438,3061.25,383.73,2677.52,0.63,2304828.18,45.81,1.62,2.16,4.44,0.0,7.23
101eba57f25fdbb2,3201.52,438.96,2762.57,0.62,2277638.24,45.53,15.24,12.16,61.06,0.24,17.43
104be93f12596387,251.28,30.64,220.64,6.37,11440.37,48.86,0.01,0.01,0.01,4.08,0.21
10d513fcf717b0af,1992.39,274.99,1717.4,7.36,953406.09,45.21,0.49,0.64,0.98,7.92,5.64
10e4bfcbd2ab4d21,660.82,85.87,574.95,1.95,91380.53,45.37,0.13,0.13,0.22,0.72,1.07
10e73433e910c65f,4228.8,529.52,3699.28,7.36,3149757.84,45.44,1.6,3.01,2.64,7.92,7.43
110fcfe2bda7486a,966.62,165.58,801.03,0.64,285839.04,45.06,148.54,248.74,191.23,4.32,40.33
11d81648472c37bd,199.76,27.26,172.5,0.77,7115.09,45.16,0.01,0.02,0.01,2.4,0.36
122e3fe8e5b59cc4,383.77,82.3,301.47,0.57,43856.25,45.05,0.73,0.53,6.81,0.0,30.87
124e84d5837f9ad0,1841.39,252.35,1589.04,0.61,1749006.57,45.19,154.84,258.93,200.54,4.32,40.75
125bbeb20f9d2117,445.82,52.51,393.31,0.81,37851.89,46.3,0.02,0.04,0.02,5.52,0.58
12d1a4a06158699f,156.73,20.72,136.0,0.89,4760.53,49.14,505.55,813.86,1392.46,1.44,81.51
1383c875d3b6ffbd,180.18,21.02,159.16,7.36,5389.42,49.75,148.96,305.58,262.96,3.6,43.43
138d44a06cf4b57f,1740.9,258.9,1482.0,9.04,798349.82,45.2,0.5,0.54,1.4,0.0,4.13
13d21bb0d8dfcd86,629.52,83.77,545.75,7.36,77937.93,46.97,0.16,0.12,0.6,0.24,1.6
1402116e38f37daf,1744.53,241.21,1503.31,0.68,786589.41,45.31,0.54,0.69,1.33,0.0,6.06
140dd2f5c5f0c4f7,234.23,26.91,207.32,7.36,9523.64,47.62,215.95,337.57,537.77,0.0,52.74
1415254a42540046,248.48,32.08,216.39,7.36,10725.0,49.34,134.23,296.81,264.43,0.48,36.35
14220d68108e4111,2541.34,334.2,2207.14,0.58,1485307.57,45.34,0.88,1.35,2.4,0.0,6.52
144122bab7f42259,401.22,49.33,351.9,10.24,27582.54,45.49,0.01,0.02,0.02,8.88,0.35
14484b1c2edb50e5,4288.69,496.47,3792.23,0.61,4402174.94,45.3,2.06,3.45,4.78,0.0,8.68
15189c5900bbc116,168.55,21.46,147.09,3.02,5009.07,45.64,0.0,0.01,0.01,2.16,0.2
15372f7a060f3675,1889.46,299.26,1590.2,5.62,676607.02,45.39,0.23,0.58,0.41,4.32,1.51
1583da3fedd15d18,506.6,61.19,445.41,13.67,44610.51,50.35,0.02,0.03,0.02,6.72,0.45
158ba362ca8a951a,1399.8,201.57,1198.23,5.2,471730.09,45.2,0.33,0.43,1.0,0.0,4.82
1599e9f3a4ab291e,964.44,143.86,820.58,7.36,153117.43,45.29,0.22,0.4,0.37,0.72,1.91
15d1e6601a4e60ed,390.44,55.54,334.9,1.2,35054.06,45.23,0.09,0.14,0.25,0.0,2.63
15f1768f0247998b,340.22,40.57,299.65,2.02,19880.24,46.38,0.01,0.03,0.02,7.68,0.49
15f32e25abebb31d,1117.4,169.29,948.11,0.55,518036.09,45.08,0.31,0.32,1.09,0.0,6.08
1640295fe22727d5,4519.4,543.43,3975.96,0.75,3753458.54,45.88,3.36,5.22,4.92,0.24,10.54
165d0b8df6292212,3366.06,501.34,2864.71,7.36,2515340.03,45.25,1.3,1.76,3.41,0.0,7.81
1690472381eac187,1805.04,240.26,1564.78,0.57,1142189.08,45.33,0.64,0.57,2.35,0.0,6.47
16cc9be65c8eefef,1590.01,216.1,1373.91,9.02,631284.8,45.25,0.48,0.67,0.97,7.92,5.21
16df10a728f7bf6d,421.61,53.8,367.81,0.82,30984.25,48.64,1655.16,2177.07,5612.97,0.24,164.79
16e18ce30eed049a,150.72,17.36,133.36,7.36,3975.69,49.51,314.45,545.24,793.73,0.24,64.15
17924b29d5dd87d6,3508.69,456.33,3052.37,0.63,3214284.65,45.3,1.15,1.47,3.03,0.0,6.1
17e5b308d9144efe,2526.96,356.48,2170.48,0.57,2024420.49,45.15,192.39,323.92,246.37,4.32,44.97
1833da32e8dd42fb,1278.77,177.79,1100.98,7.36,457110.64,45.21,0.49,0.45,1.72,0.0,5.97
1905b1bbaba47b00,211.58,28.99,182.59,7.36,7995.48,45.27,0.02,0.03,0.03,0.24,1.14
19248824c914b31f,1045.95,120.3,925.65,1.3,188511.05,49.14,381.63,841.31,659.36,0.96,59.11
19dc10b6b359819c,11312.91,1479.53,9833.38,11.04,89145834.68,47.05,0.72,0.7,2.49,0.0,6.23
1a202af3bb1fae5e,1985.33,314.11,1671.22,1.08,873962.05,45.16,2.03,3.4,4.28,0.24,6.73
1a2683bb5f812555,2700.92,334.04,2366.89,0.67,1822169.27,45.61,0.44,0.57,1.19,0.0,3.93
1a71ddd6c177df1d,27468.65,3401.71,24066.95,11.04,288930926.96,47.12,11.48,13.34,30.83,0.0,14.68
1a835442162ea1f9,89.47,14.4,75.08,18.28,1925.25,46.03,0.0,0.01,0.01,0.72,0.2
1b354b49574f5f19,6589.93,894.98,5694.95,0.93,9350428.24,45.22,3.53,4.88,10.98,0.24,8.52
1b5ea8bf17874f41,193.14,22.97,170.17,7.36,7911.56,48.12,207.45,268.86,725.72,0.96,54.89
1be7c97d7a5c6cfe,359.42,43.02,316.4,1.7,23915.49,48.43,0.01,0.02,0.01,2.88,0.3
1c01030be8dbdd8f,500.98,61.82,439.16,16.04,44789.47,49.01,344.82,544.33,878.31,0.0,68.49
1c14eaf5704fa826,409.7,52.51,357.18,16.04,30118.71,45.35,0.01,0.02,0.01,3.6,0.34
1ca7b66d15ccc2eb,247.64,29.53,218.11,7.36,10583.59,45.85,0.01,0.02,0.01,0.24,0.39
1cf67e4782647663,1510.49,213.19,1297.3,7.36,741943.38,45.17,0.46,0.58,1.3,0.0,8.08
1d132d25016157a7,15557.78,1798.52,13759.26,2.17,202165979.74,47.79,41.46,68.12,92.52,0.96,22.31
1d65be66a464ba3b,266.0,33.03,232.97,16.59,12037.43,46.36,0.01,0.01,0.01,1.2,0.22
1d67538db042a7a1,6436.11,930.87,5505.25,0.55,10988299.02,46.25,32.52,51.39,77.48,1.68,24.69
1e1aa5ac82a63ff3,463.08,57.8,405.27,0.95,38463.48,46.61,0.02,0.04,0.03,5.28,0.46
1e1cbf4391cb2c78,10439.2,1167.73,9271.47,0.67,29662919.91,45.3,7.06,6.89,26.93,0.24,11.66
1ec9ee18d62cda72,94.09,11.59,82.5,7.36,1553.06,48.13,0.0,0.01,0.01,6.24,0.18
1f56bcaa2ccd6f74,16223.49,1942.1,14281.39,11.07,253891160.55,47.11,1.64,2.09,3.98,0.0,6.82
1f6fb083b2f52a2e,315.0,38.38,276.62,6.68,16964.2,49.87,0.01,0.03,0.02,5.28,0.31
1fb7609cbd80418a,415.2,52.66,362.55,7.36,30778.08,49.06,72.68,157.67,139.17,0.48,32.3
1fe3c9e40ff6fe92,1609.69,206.53,1403.15,0.6,1275326.28,45.37,150.64,252.96,196.06,4.32,40.63
201dfd9c4f16ea41,191.2,23.17,168.03,2.83,6166.3,48.19,126.53,188.1,331.54,0.72,43.1
2038430bb6511cb7,990.76,150.02,840.74,0.64,341577.85,45.16,0.64,0.52,2.74,0.0,7.02
20590a07b897781b,246.2,26.96,219.24,7.36,10713.42,49.21,84.37,125.93,156.36,0.0,33.3
205d6e3a313b3ab1,2602.78,328.77,2274.01,0.62,1878545.56,45.42,1.03,1.29,3.29,0.0,7.62
206f5ec80976cf3a,151.03,19.14,131.89,7.36,3859.51,48.56,253.3,288.8,811.82,0.0,65.13
207c992e3353124b,305.53,33.94,271.58,0.57,32457.45,45.42,2.29,1.91,9.19,0.48,7.69
207d347cda7d46dd,710.47,99.6,610.87,4.95,97050.32,45.94,0.04,0.12,0.05,3.84,0.77
20f0f7f71468db38,1656.1,249.8,1406.3,4.73,794910.86,45.14,0.58,0.66,1.83,0.0,10.06
20fc20bff30ab736,4584.91,587.71,3997.2,0.68,3955802.85,45.23,3.52,5.39,5.01,0.24,9.23
210a8de6a32114a7,3271.48,402.29,2869.19,0.64,2055379.68,45.21,1.58,2.36,2.82,0.0,8.26
2110464dfda730e1,1093.78,201.67,892.11,0.61,390873.64,45.03,0.73,0.8,2.47,0.0,8.17
21757a9f3c69f57c,23132.97,2528.48,20604.48,2.14,354306963.69,50.0,17.39,25.75,40.37,0.0,17.49
21d99960f698ee69,16699.95,1840.31,14859.63,1.78,117346656.02,48.19,4012.67,7636.39,10032.45,0.24,267.7
22235b2478b24cf7,1109.67,198.63,911.04,7.36,339856.24,45.05,0.44,0.55,1.18,7.92,7.47
22443cf896c55e0e,411.77,52.45,359.32,7.36,31619.87,50.09,919.54,1473.82,2484.79,0.24,124.48
229a6d64c449ef0c,4754.9,584.6,4170.3,0.74,4029498.67,45.51,5.5,8.48,8.09,7.92,13.26
22b9dd41c8406a1e,23638.12,3830.12,19808.0,1.85,295344134.7,45.25,16.02,23.66,37.6,4.32,17.18
22e66b17bc038bbf,2474.0,325.12,2148.88,0.59,1982168.47,45.4,0.8,0.84,2.14,0.0,4.79
2327be6aa1425a67,2145.14,287.97,1857.17,0.53,1252727.81,45.21,0.77,0.72,2.66,0.0,7.45
232c8c54afd013d0,611.85,74.33,537.52,7.36,68054.79,49.27,139.6,254.37,326.88,0.0,48.3
2350a15acaf5cca3,254.41,30.59,223.81,16.04,11308.39,47.53,139.94,144.29,489.64,0.24,51.61
237338e4ecefe1a4,12474.49,1731.34,10743.15,1.49,40122501.83,45.26,124.41,223.22,341.35,0.24,38.24
23abb63a394963e8,459.5,65.82,393.69,0.57,39103.61,49.99,217.14,372.75,492.91,0.24,55.63
23bc02bc05356c93,2161.75,297.76,1863.99,0.58,2647443.23,45.1,0.62,0.67,1.84,0.0,10.1
24209d73fdb50154,541.24,56.6,484.64,7.36,52153.29,49.57,200.52,301.75,424.56,0.24,53.69
2428bb935f5b5d35,296.27,33.4,262.87,16.04,15973.52,49.75,100.64,204.3,237.87,0.0,38.39
24670bfa7fc8324d,353.75,55.58,298.17,9.35,48887.26,45.16,0.19,0.46,0.37,8.16,9.19
249db27f87097653,2364.95,337.5,2027.45,0.55,1496388.05,45.22,1.13,1.3,3.21,0.0,7.58
249f77fd7b669667,14558.31,1663.88,12894.43,2.61,75191547.2,45.97,140.97,196.99,290.59,1.44,44.12
24a1b73616a6a06b,2037.76,295.23,1742.53,7.36,927151.64,45.11,0.79,0.88,2.07,0.0,5.65
24a4e75bc4c15ac8,625.98,136.98,489.0,0.56,110525.51,45.09,0.66,0.59,5.69,0.0,32.45
24bccde9e458b3a0,7358.59,981.03,6377.56,0.59,13498135.84,45.25,33.37,52.34,80.25,1.68,24.76
25556ad95c59a7c0,235.33,39.33,196.01,19.13,14548.72,45.64,0.01,0.02,0.01,3.36,0.64
255e1f62c64b5f6c,1501.82,178.02,1323.79,13.97,387157.21,49.33,198.62,236.95,705.24,0.0,58.5
25852e1a023d9498,1214.98,147.58,1067.4,1.8,375576.34,45.31,0.35,0.55,0.91,0.0,2.43
25a208be3183da5a,426.19,51.42,374.78,0.62,30562.53,48.48,554.95,981.46,1316.09,0.0,86.98
25d8f7bb2d991542,1502.21,211.77,1290.44,0.81,580430.6,45.2,0.64,0.82,1.65,0.0,8.06
25dc76252c86e642,101.89,13.31,88.58,1.3,2019.53,49.01,397.34,393.4,1444.02,0.24,79.93
25ed1c720fd92146,1379.02,214.96,1164.06,0.66,937613.69,45.07,0.76,0.47,3.33,0.0,6.62
2600fb96da9de655,504.86,54.46,450.4,8.02,46875.41,50.42,154.11,410.01,232.14,5.52,38.49
267307d0a1cf53a7,3185.26,449.37,2735.89,0.58,2182072.4,45.12,0.96,1.48,1.92,0.0,5.81
2683c43ae55bfa4f,2954.88,398.32,2556.56,7.36,2141333.32,45.37,1.15,1.41,3.33,0.0,7.77
268d08b754bfaa7a,338.91,36.45,302.47,7.36,20778.19,49.68,262.41,457.15,675.24,0.48,60.58
26abe61771001b28,851.95,97.59,754.37,18.07,125042.24,48.13,194.64,311.32,480.39,0.24,48.99
26b0b70d095b9dde,1471.64,166.31,1305.33,0.9,408864.4,45.62,0.25,0.36,0.41,6.48,2.17
26ed84608f8d4810,118.07,15.14,102.92,0.74,2514.99,48.89,281.01,582.72,491.24,1.2,59.14
27f603e5cb94b8fc,243.46,30.57,212.89,8.29,9951.16,46.67,0.04,0.06,0.04,9.36,0.54
2873fdeec12abd20,2304.32,304.28,2000.03,0.7,1151215.63,45.23,1.15,1.22,3.37,0.0,8.41
289397d2ad115766,214.96,26.65,188.31,16.04,8112.87,49.35,181.71,305.47,466.32,0.72,48.98
28ca01606dd12a14,1407.61,198.23,1209.39,4.01,442151.48,46.88,0.21,0.36,0.34,2.88,1.96
28d7319259d960b7,1006.26,157.46,848.8,1.91,278691.77,45.05,111.25,187.81,141.7,4.32,34.43
28fd4ba27720e596,9833.31,1111.74,8721.57,2.4,29432995.78,50.01,38.88,59.93,119.55,0.0,27.02
2990804617dcf956,3115.46,471.0,2644.46,0.68,2712199.54,45.2,1.52,2.2,2.89,7.92,7.82
299d001dfa309f8a,25943.76,2563.37,23380.39,11.07,311119444.65,49.96,15.82,23.21,36.96,4.32,17.17
29ca7bbefba1433f,984.3,128.05,856.26,18.42,176160.28,45.29,0.1,0.18,0.16,0.24,1.17
2a6898a3a50e9f68,2556.8,364.38,2192.41,0.65,1738565.22,45.13,0.91,1.09,2.67,0.0,6.54
2a693c905a65d63c,1044.11,169.94,874.17,0.7,337741.43,45.06,0.47,0.49,1.69,0.0,9.83
2a9d07dd2b39f7ac,1764.52,250.51,1514.01,0.77,626274.67,45.17,0.85,1.03,2.44,0.0,7.01
2b263bdf5e42ff9f,1458.25,223.04,1235.21,0.68,611778.65,45.27,181.52,305.89,233.71,4.32,44.6
2b2ae54d706bcbba,1099.53,155.29,944.24,0.58,298751.06,45.32,0.76,1.2,2.0,0.0,14.65
2b6e364aec8ea123,2593.77,360.29,2233.48,0.64,1393184.58,45.19,1.0,1.35,2.23,0.0,5.38
2b7b585a598d2715,2719.57,386.41,2333.17,9.03,1573557.89,45.21,113.66,243.53,139.43,3.84,41.87
2bb68444f38c039c,1372.54,197.32,1175.23,0.61,800419.42,45.24,0.77,0.56,2.98,0.0,4.43
2c1a3b32d8f8d5be,243.87,29.34,214.53,1.24,9995.39,48.64,683.6,1671.71,1330.34,1.68,87.48
2c465f01f53da57b,478.31,74.21,404.1,0.57,61789.43,49.42,193.38,223.99,646.48,0.0,58.12
2c609dae0b4635a5,285.99,32.86,253.13,14.72,14203.4,49.25,487.75,1211.13,800.59,0.72,65.64
2c8961b95d2dd0de,270.23,35.95,234.28,13.12,13772.25,45.95,0.01,0.01,0.01,8.4,0.26
2caacd6f2c4202f0,1079.02,177.14,901.88,0.68,583433.85,45.17,0.33,0.36,1.08,0.0,8.06
2caafd76156a5218,885.13,102.88,782.25,0.75,166435.14,48.71,81.32,108.43,213.17,0.0,32.59
2cb6c1dd816c3f39,987.81,141.3,846.52,0.61,244040.18,45.18,0.24,0.2,0.97,0.0,5.21
2ceee475eb32b69c,232.11,41.64,190.47,0.57,17896.11,48.4,13.8,12.78,57.29,0.24,15.52
2d81913bde95f6ef,295.06,35.77,259.29,16.04,15229.92,45.92,0.01,0.01,0.01,3.36,0.32
2d8414a2f5484785,332.87,37.84,295.03,11.17,18982.67,49.32,191.59,443.33,344.3,0.48,43.64
2da5945d88389cf3,68.24,11.4,56.85,7.36,1108.58,45.92,28.57,21.0,113.48,0.24,23.74
2dc689bb5f0b7750,2039.49,266.13,1773.36,0.53,922269.13,45.23,0.71,0.97,1.37,0.0,5.79
2e04994d5cc56ef6,7358.59,981.03,6377.56,0.59,13498135.84,45.25,33.37,52.34,80.25,1.68,24.76
2e469175514203dd,284.76,32.5,252.26,7.45,14540.18,49.79,0.01,0.02,0.01,4.8,0.28
2e58f7024c96338e,820.68,98.5,722.18,18.07,115561.35,47.81,95.41,103.04,330.02,0.0,41.91
2eab056069f5791f,304.11,39.87,264.24,10.79,18572.68,45.62,0.01,0.01,0.01,9.6,0.43
2f0a20fd7f29d606,291.72,33.35,258.37,13.33,14514.12,49.25,0.01,0.02,0.01,6.0,0.26
2f3ccd34b691c176,224.27,33.49,190.78,5.37,8822.09,45.48,0.02,0.05,0.01,4.32,0.7
2f60f935058433bc,1761.08,230.35,1530.73,0.87,1075925.87,45.36,0.61,0.48,2.33,0.0,7.01
2f83a0e96763bb65,1757.01,237.33,1519.68,7.36,629023.19,45.21,0.78,0.89,2.28,0.0,9.84
300b98edda81dfdf,145.59,17.66,127.93,7.36,3747.07,48.4,186.56,349.75,422.3,0.96,42.32
303a352e4a5efb2c,3391.9,446.17,2945.73,0.65,2651606.25,45.46,1.17,1.76,2.79,0.0,6.22
3062e9b8f555abe3,1061.57,136.13,925.43,14.99,201460.02,45.35,0.09,0.14,0.16,0.96,1.54
30f1bb50d975cbd5,2204.71,293.86,1910.85,16.04,1275000.11,45.27,0.64,0.69,2.06,0.0,6.46
3116064eb8c27e31,2781.83,412.12,2369.71,0.6,1504821.82,45.1,3.43,4.51,6.81,0.0,11.88
3117461364220d21,195.57,23.51,172.05,3.89,6559.43,49.1,278.76,648.02,253.52,4.8,53.81
31312d2d64e0af04,3957.52,493.92,3463.6,0.62,3720505.41,48.94,2148.07,1805.66,8502.45,0.24,192.64
315379d9fe868c33,2935.82,370.86,2564.96,0.59,3389695.6,45.22,0.79,0.82,2.34,0.0,4.95
31657294995d401a,261.93,30.47,231.46,11.04,12553.14,47.29,0.01,0.01,0.01,4.32,0.21
316592f71ee55941,6428.53,699.5,5729.03,0.59,7542932.02,45.41,5.28,8.79,10.42,0.24,10.82
3170b709924a225e,22101.53,2590.78,19510.75,2.01,330474365.11,49.46,69.48,108.64,156.03,0.24,28.23
324d62966e2e0151,156.67,18.28,138.39,7.36,4149.48,49.33,244.4,263.46,855.87,0.48,65.54
32a14a85642e50dc,783.43,89.56,693.87,5.6,104451.0,50.2,66.38,155.04,131.34,0.96,23.26
32b526bbf4de0484,2075.56,278.43,1797.13,0.66,911881.93,45.32,1.43,1.93,3.52,0.0,12.27
32f1980e3944170e,1193.14,179.17,1013.97,0.62,368039.5,45.21,0.68,0.62,2.78,0.0,10.83
32f6f5f51d563d9c,2133.27,325.01,1808.26,0.59,1650775.48,45.07,1.03,1.18,2.97,0.0,8.23
33186a0520df3e1f,405.62,50.68,354.94,9.7,28641.43,50.35,0.02,0.04,0.03,6.72,0.46
335e9c799767cebf,1317.51,193.4,1124.11,0.62,448766.37,45.19,0.65,0.67,2.15,0.0,9.08
33be61712d0e078f,2425.35,324.87,2100.49,0.61,1835206.75,45.23,0.84,0.96,2.2,0.0,6.85
33dc89645d012483,419.7,60.89,358.8,7.36,33978.74,50.15,204.87,255.53,676.82,0.24,60.86
33f363d0a9d90b06,539.37,56.45,482.91,0.81,53562.93,49.25,101.18,175.09,208.24,0.0,37.71
34cee9d0a59cca33,5510.17,656.45,4853.72,0.74,5657167.04,45.82,6.48,9.8,9.35,0.0,14.73
34dba75f0c741782,297.54,38.94,258.6,11.04,52496.52,47.12,0.01,0.02,0.01,8.88,0.48
34ef22f8e836cf21,277.87,42.13,235.75,1.8,13892.27,49.6,332.39,475.01,1046.49,0.24,72.85
353a2e00b4cc9017,1409.74,224.06,1185.68,7.36,516782.15,45.06,0.5,0.6,1.27,7.92,7.18
35de60b2cb2a9c19,186.68,23.55,163.14,7.36,6132.23,46.0,0.01,0.01,0.01,0.24,0.44
35edc1536f893030,2229.48,293.5,1935.98,0.61,2443604.87,45.22,0.63,0.63,2.08,0.0,9.78
35f1c580aa9f9563,148.79,17.1,131.69,16.17,3947.35,46.86,0.0,0.01,0.01,2.4,0.2
361a811e947a31ab,90.86,10.68,80.18,7.36,1447.89,49.22,0.0,0.01,0.01,4.08,0.19
362de9d472e8c606,286.92,36.61,250.31,7.36,13965.66,48.23,168.43,188.79,431.35,2.64,45.76
363d635003809eef,2312.91,280.36,2032.55,0.56,1382121.44,45.22,18.93,41.71,36.82,0.48,19.14
36662c223daeac3a,3622.89,449.97,3172.92,7.36,4184260.63,45.36,0.52,0.62,1.13,7.92,4.2
36ccba4bc79f787d,1614.22,219.71,1394.51,5.2,762631.91,45.31,0.46,0.5,1.42,0.0,4.45
36d42e1bdf90c229,216.77,29.29,187.48,0.79,16569.87,46.58,189.4,285.33,480.13,0.48,48.49
37305f1a8f0ca31f,2394.51,331.02,2063.49,0.66,2028374.34,45.09,0.79,0.71,2.75,0.0,5.41
37a1655f383d60e2,4068.29,507.78,3560.51,0.56,7482302.41,45.23,1.13,1.08,3.71,0.0,5.24
37ac094b35d796e1,283.48,45.92,237.56,12.61,17482.19,46.34,0.04,0.07,0.04,4.8,0.65
3804db1c9e453746,16781.83,1875.28,14906.55,1.3,173918705.25,48.82,117.07,161.12,330.29,1.2,47.44
380b5cf0fe5bcc2a,6502.6,756.85,5745.74,0.57,8471982.27,45.8,4.02,5.66,6.74,0.0,9.28
380ff88723cdfa81,940.9,133.61,807.29,9.35,240940.77,45.21,0.18,0.41,0.21,8.16,4.51
381c4618dca4882f,375.81,82.59,293.23,0.66,47938.47,48.95,0.64,1.11,1.45,0.24,3.11
3834c137d507fcb1,480.2,56.09,424.11,7.36,39847.89,48.64,67.06,101.61,174.7,0.24,31.75
385d02f4df7e6d4d,13130.3,1457.93,11672.38,1.61,234384755.89,47.33,272.81,399.82,544.45,2.16,60.77
38743a5e478abe8d,2027.09,202.87,1824.22,0.74,668188.81,49.07,112.3,271.94,142.6,2.88,37.01
3878fd0775ce6ab9,310.88,36.33,274.55,16.04,16765.47,48.18,0.01,0.01,0.01,2.88,0.27
387a43c29a3de712,363.08,49.86,313.23,1.23,26278.98,46.56,275.98,352.17,888.15,0.24,69.89
38bf7d1af17000dd,5387.13,618.96,4768.17,5.0,77222231.0,49.07,92.82,151.1,272.7,1.2,34.86
38e5f94e9715d940,988.46,109.14,879.31,9.47,197344.79,49.25,280.2,510.84,668.6,0.0,59.44
390bcabbb1827d80,399.35,40.22,359.13,16.04,28442.71,49.78,209.38,415.2,275.56,3.84,50.22
39c3bf0b63c986a6,1823.93,267.18,1556.75,0.58,1097185.38,45.14,0.74,0.83,1.93,7.92,8.54
3a170da25a9cfdb4,2496.43,328.05,2168.39,0.61,1942056.11,45.21,1.37,1.46,4.58,0.24,5.82
3a6111f16e86a6e5,1459.73,218.37,1241.37,7.36,513827.45,45.09,0.47,0.64,1.19,0.0,7.74
3a65912c139ae63b,122.35,15.39,106.96,9.15,2547.67,49.52,480.09,395.3,1909.69,0.0,93.95
3ad277fa6cbbcd0c,27468.65,3401.71,24066.95,11.04,288930926.96,47.12,11.48,13.34,30.83,0.0,14.68
3b085933bc851474,359.96,45.35,314.61,2.89,23168.44,45.45,0.04,0.07,0.05,3.84,0.67
3b11604b5b8df368,200.11,22.86,177.25,7.36,6924.58,50.04,371.73,815.53,731.49,3.12,69.71
3b198e8d576be6e5,1396.15,206.85,1189.29,0.7,956983.78,45.13,0.84,0.73,2.91,0.0,9.09
3b432255462be5f3,130.02,15.76,114.26,1.12,2845.88,48.19,446.51,933.15,1080.28,0.96,71.72
3b62efa57ba204bb,393.14,42.69,350.45,14.14,27975.23,47.85,0.02,0.03,0.02,1.2,0.36
3b70e2cf49ac81df,3749.82,421.66,3328.17,14.04,2564533.5,45.15,2568.74,2185.21,9770.92,1.92,199.65
3b95659505b282e0,2722.64,384.61,2338.03,16.04,1764195.94,45.31,1.5,2.29,3.24,0.0,6.87
3ba7b31660b809f3,237.48,31.5,205.97,16.04,10445.51,45.27,0.01,0.01,0.01,7.68,0.42
3bb7ad0bc52c5bf2,7358.59,981.03,6377.56,0.59,13498135.84,45.25,33.37,52.34,80.25,1.68,24.76
3bf060182acba73f,1028.69,142.24,886.45,4.75,248024.39,45.3,0.36,0.75,0.58,3.6,5.85
3bf115414aaee17a,3651.0,481.06,3169.94,0.63,2702533.05,45.45,3.04,4.19,5.22,0.0,11.39
3c12859fe1baff63,179.09,21.28,157.81,2.65,5966.2,49.42,102.99,150.87,178.62,0.48,34.45
3c347f97a925f73f,2026.15,295.34,1730.81,1.02,820449.97,45.35,0.49,0.81,1.15,2.16,3.34
3c421b950c5e51b7,5046.21,680.93,4365.27,11.05,18946168.43,45.49,1.04,0.82,4.92,0.0,19.26
3c75c1a54cd127f2,1126.11,157.46,968.65,1.42,236867.54,45.25,2.8,5.79,7.08,0.24,7.23
3c91718680e4bcc1,367.03,45.63,321.4,14.72,23975.44,50.39,279.41,559.53,439.1,0.48,57.9
3c99430eb1131934,185.41,22.44,162.97,8.19,5762.6,49.45,350.98,566.53,756.91,0.24,69.92
3cd3533c4b24bfa7,1119.97,173.12,946.85,5.2,412635.1,45.09,0.65,0.6,2.45,0.0,7.25
3d45f220c2faf3dd,1734.12,226.45,1507.67,0.59,974946.36,45.16,0.99,0.84,3.56,0.0,9.85
3d53e0766bc1f876,645.44,70.03,575.41,7.36,76822.74,50.28,63.48,93.75,190.74,0.0,32.07
3d8864d2934f9180,8254.88,1369.49,6885.39,2.46,48289317.51,45.11,379.35,1136.75,163.93,3.6,62.09
3da6025304245e28,1828.38,245.9,1582.48,0.65,735785.16,45.31,0.62,0.79,1.86,0.0,8.31
3db053aa4a937a46,4970.07,569.25,4400.82,0.57,7706025.95,45.46,0.53,0.58,1.65,0.0,3.17
3dc6be395b8c0c34,1444.69,169.49,1275.2,6.94,369603.68,49.38,162.83,360.33,122.07,5.04,39.59
3ddc0931ec08085e,1666.98,245.54,1421.44,0.63,722941.83,45.1,0.55,0.62,1.7,0.0,8.29
3de952a1174895c6,36492.93,3749.91,32743.02,2.02,564763193.65,48.95,200.08,281.21,531.24,0.96,60.77
3e45b33ae44a18b0,1385.17,203.69,1181.48,7.36,597389.45,45.18,0.44,0.58,1.11,0.0,8.49
3e900d33fbf27919,144.04,16.82,127.22,14.72,3485.69,49.34,161.03,169.67,582.43,0.0,54.11
3e9a34a85e7d4149,11255.63,1391.46,9864.18,0.81,21595816.12,46.33,32.94,54.16,46.19,0.24,25.07
3eb8c926033120d7,10213.54,1116.24,9097.3,6.77,20370736.1,47.26,8.91,20.9,10.95,5.52,13.17
3ed43b046096d0e8,319.79,36.2,283.58,0.6,18378.74,48.74,156.86,312.89,290.82,0.24,48.86
3f0721e3e1190345,2117.58,296.9,1820.68,7.36,1166824.74,45.21,0.64,0.79,1.56,0.0,4.54
3f240253a08f439b,1803.24,267.07,1536.17,0.61,869027.58,45.06,0.81,0.96,2.32,0.0,5.76
3f6d74122b687fdf,6808.79,812.72,5996.07,0.64,12046706.7,45.32,2.88,3.61,8.47,0.0,7.4
3fbb3b2b21d35172,8785.62,1087.45,7698.17,8.35,75520018.39,47.11,1.01,0.74,4.06,0.0,9.8
3fd5eb700a9102c6,39990.1,3262.11,36727.99,1.87,390913130.4,49.07,248.52,345.92,678.67,0.72,62.8
3ff5555769cd2a1c,28957.71,3163.1,25794.61,1.62,386629267.41,49.18,65.46,115.84,119.37,0.24,30.44
403c9494018c9ad3,1720.79,249.25,1471.54,0.57,1005334.28,45.1,0.55,0.53,1.8,0.0,4.59
407faa2a87d1c0a4,2211.33,296.98,1914.35,0.58,1584418.45,45.19,126.46,210.25,164.86,4.32,39.54
409e1fea263efb17,161.95,18.63,143.31,7.25,4546.0,49.31,360.71,986.11,389.2,0.96,52.17
40c00800768f7089,350.23,43.04,307.19,1.03,20715.75,48.2,234.53,333.88,611.53,0.96,58.63
413e244d3cceafa0,977.72,206.87,770.85,0.58,258756.88,45.03,0.77,0.95,1.82,7.92,13.03
416b1febff7256b5,44295.41,4522.07,39773.35,1.16,1008936165.81,46.78,158.98,160.01,425.01,0.48,45.52
418df8b3f7a0939b,1015.54,179.96,835.58,4.66,210253.47,45.24,0.18,0.34,0.31,3.36,2.06
419caa6bbe9399f5,312.24,37.94,274.3,5.35,18004.65,45.98,0.01,0.03,0.01,4.32,0.32
421d0b193c61b219,224.47,28.81,195.66,7.36,8886.19,45.36,0.01,0.01,0.01,7.92,0.34
4224959a2dc8a38b,2175.27,395.55,1779.72,0.59,2090604.29,49.38,88.4,77.97,178.92,0.72,28.52
425a001f82827694,1365.57,194.51,1171.06,0.58,679207.6,45.21,0.71,0.58,2.56,0.0,9.73
4263d28118818735,8571.63,856.51,7715.12,0.64,18148319.24,45.48,115.72,302.61,186.94,2.88,38.89
43ae9dc0a64e9ff5,1678.46,250.82,1427.64,7.36,745040.31,45.08,0.79,1.08,2.27,0.0,7.38
43f8e247db94bd8a,176.55,21.01,155.54,7.36,5307.67,47.93,192.18,352.57,451.34,0.0,50.99
444755a8d4c72d50,575.44,69.81,505.63,0.75,63344.53,47.6,192.94,295.74,620.46,0.0,53.83
446e074c86bb07a7,606.49,93.78,512.71,0.59,99314.67,47.86,318.99,327.27,959.44,0.48,53.53
447fd737ffd56657,25197.66,2670.97,22526.69,11.07,368401298.4,47.1,0.87,0.71,3.16,0.0,5.51
44a8441beb70ff34,9484.64,1101.01,8383.63,0.65,15896077.44,45.74,11.2,17.7,15.58,0.24,15.07
450a3c64668afec0,178.39,21.39,157.0,7.36,5391.14,48.5,382.65,757.19,870.54,0.96,70.86
451f757907a943f0,437.62,49.02,388.6,2.07,35887.26,49.34,297.11,546.91,597.43,0.72,58.03
453e671e35aeca10,1942.86,257.21,1685.65,0.62,1169529.66,45.39,0.63,0.79,1.74,0.0,8.57
45a5ee438d5579f6,326.84,38.72,288.12,16.04,18338.69,49.6,1200.63,1157.3,4551.29,0.24,137.84
45c806a427fd82cd,29597.12,4328.62,25268.5,1.63,421371266.94,45.2,168.05,230.98,458.59,1.2,50.12
460d7ff6dfc9db9b,152.7,21.38,131.32,16.03,4328.18,45.39,0.02,0.03,0.02,7.2,0.77
461013a93ba1dd38,317.81,34.82,282.99,7.36,18402.42,50.3,116.09,342.57,100.81,3.6,34.78
4647f44f3ae8fa2a,1770.78,256.68,1514.09,0.65,845517.85,45.2,0.83,1.2,2.07,0.0,7.19
469c00ff3645d77f,763.18,155.37,607.81,0.63,136212.87,45.59,83.01,157.3,102.3,5.76,32.85
46b04a4b6c5b42fc,2037.39,290.65,1746.74,0.61,1305939.35,45.17,0.9,1.04,2.49,0.24,4.91
46de6f667206d307,377.85,39.5,338.36,10.52,25541.02,50.05,127.06,173.0,285.79,0.0,42.47
46def51093ff3f89,2852.71,354.42,2498.28,0.59,1726272.91,45.3,1.0,1.04,2.72,0.0,5.78
46fcd734877ec03e,120.95,14.38,106.57,7.36,2545.91,47.72,242.96,422.07,576.63,0.96,49.48
470a708c42b997a2,267.86,32.25,235.61,0.59,13771.61,49.66,451.34,633.48,1102.72,0.48,83.73
47163ad393014658,2188.41,335.12,1853.29,14.72,1209725.09,45.1,0.61,0.73,1.56,0.0,4.31
47235737bf9d7cdd,155.36,19.61,135.75,7.36,4428.61,47.46,507.46,1031.84,1216.4,0.48,90.24
47ae830f821f7851,2178.71,317.36,1861.36,16.04,1277144.28,45.16,0.65,0.85,1.52,7.92,4.86
47e980bef56d7663,25554.25,3015.39,22538.85,1.43,344326033.14,45.31,213.4,486.14,408.11,0.24,50.57
47fbdf96f785fea7,640.43,73.94,566.49,0.75,76624.67,48.18,114.69,199.75,163.71,4.8,35.83
481d9f12243007de,22663.11,2584.28,20078.82,2.46,138349097.73,45.48,188.26,254.73,609.72,0.0,54.93
486b4976a780236b,126.96,17.44,109.52,16.04,2942.24,45.21,0.01,0.01,0.01,0.0,0.46
48ce620f693a0eb0,200.05,26.13,173.92,2.44,7234.64,45.84,0.01,0.02,0.01,6.24,0.39
4943cb15fd4969f1,262.38,31.36,231.02,7.36,12585.55,48.65,201.57,242.35,694.43,0.0,58.71
495519f2da393aaf,121.41,14.8,106.61,7.36,2491.54,48.42,327.5,550.46,755.9,0.72,64.75
4960f2de22410065,37123.56,2837.66,34285.89,1.84,522803027.68,48.27,55.47,57.18,173.76,0.48,25.36
4964365af83a3f64,8641.08,1002.44,7638.64,0.61,14274731.26,45.75,61.61,103.83,79.63,4.32,30.47
4a06eaf2453af57b,943.18,97.44,845.74,7.36,165848.43,49.32,66.09,108.48,108.62,2.16,24.01
4a639dac8116f74e,2500.16,363.77,2136.39,0.7,1365433.1,45.15,0.85,1.13,2.11,0.24,5.84
4a8b2cc642e779d3,160.26,24.36,135.9,0.72,4730.64,45.21,0.01,0.01,0.01,0.0,0.85
4ab9e0ec8e05c7e7,1007.37,143.19,864.18,4.67,204096.1,45.07,0.46,0.94,0.71,8.16,5.7
4b3f2a20b0e48583,310.57,39.49,271.08,0.69,17751.97,46.39,0.01,0.02,0.03,0.24,0.51
4b45f3de5954f905,1924.85,292.67,1632.18,0.58,1011915.29,45.11,0.74,1.0,1.67,0.24,5.0
4bf1b88934a34ff9,509.54,58.75,450.79,18.07,45295.87,49.87,337.72,628.93,628.82,0.24,58.04
4c1ff87f107c7073,577.12,61.6,515.52,17.09,58880.99,49.63,181.16,423.72,299.64,0.48,39.13
4c2aedd908d9ac8e,193.91,28.46,165.45,12.5,6950.2,45.17,0.01,0.01,0.01,7.2,0.37
4c5fdfcde9b9addc,150.92,28.88,122.04,0.57,3965.76,45.18,0.11,0.2,0.22,2.16,1.31
4c9bc1675a10cb24,1860.77,260.12,1600.65,0.59,1329495.84,45.1,0.47,0.56,1.4,0.0,5.04
4cd62efff8243a6e,555.46,70.73,484.73,7.7,50709.47,48.44,140.23,355.81,161.42,2.88,39.15
4ce83b2fe239048f,23638.12,3830.12,19808.0,1.85,295344134.7,45.25,16.02,23.66,37.6,4.32,17.18
4d63e784004b9990,11047.64,1148.58,9899.06,0.6,23162283.38,45.83,58.12,67.78,192.91,0.24,33.99
4d7566c00fec73b9,371.82,43.77,328.05,16.04,22760.84,48.52,0.01,0.02,0.02,1.44,0.33
4d855dbd2d254582,1849.12,247.31,1601.81,1.17,589474.17,45.6,0.87,1.36,1.34,0.0,5.03
4de8d0749ac80089,12726.3,1236.61,11489.69,2.49,42282515.94,45.35,20.55,21.55,63.22,1.2,19.34
4df74a9be3018a98,3950.36,517.16,3433.19,0.59,3002087.93,45.16,4.77,7.28,6.94,0.0,11.14
4e19673821d98cbb,750.38,142.26,608.12,0.63,131788.42,45.05,175.44,293.53,225.69,4.32,45.43
4e9b937f4204e384,1035.53,118.25,917.28,7.47,185360.88,50.07,255.3,326.01,880.74,0.24,49.35
4e9f477d74b91584,230.17,31.95,198.21,0.63,9245.57,48.51,760.09,1255.53,2011.71,0.24,106.03
4ed44af93e02104e,16202.66,1901.69,14300.97,0.69,51379496.31,45.91,21.14,36.72,49.29,0.24,19.25
4f16fb24c3a3229b,266.88,41.47,225.41,7.36,14397.08,46.12,0.01,0.02,0.01,0.24,0.29
4f1e954e736f1e8b,503.24,76.98,426.26,0.6,120824.76,48.22,5.0,2.44,24.51,0.0,10.94
4f48babb51c2c000,2477.46,293.52,2183.95,8.6,1073052.56,46.2,357.54,917.78,439.51,0.72,52.08
4f4e9c93cbe1512d,91.26,12.34,78.91,0.77,1451.08,49.7,0.16,0.19,0.48,0.24,1.62
4f7ba96f50babad6,16394.7,1703.66,14691.04,11.13,161571522.33,47.15,1.22,1.07,4.62,0.0,7.39
5087efa5abfae050,2818.74,338.1,2480.65,11.1,1692407.42,47.11,1.17,2.07,2.94,0.96,4.56
508a857e6621d1e3,2730.21,372.77,2357.44,0.57,1840604.44,45.23,0.88,1.09,2.19,0.0,7.46
50b5cc7cd78276c9,66.19,7.57,58.62,8.5,762.22,48.76,0.0,0.0,0.0,5.52,0.09
512ccbe9030b1448,2410.98,319.34,2091.64,0.62,1852973.96,45.22,4.66,4.81,18.62,0.0,10.39
51c61005a684d0e8,494.01,56.29,437.73,14.72,42919.37,50.12,42.1,63.68,100.89,0.0,23.53
51e5c1700dc9e8fe,319.79,36.2,283.58,0.6,18378.74,48.74,156.86,312.89,290.82,0.24,48.86
51ea698bc2f2fdc3,272.18,31.93,240.25,7.36,12849.31,46.07,0.01,0.01,0.01,0.48,0.27
52a56b3515170a37,471.19,48.56,422.63,7.36,40214.15,49.02,156.03,158.75,495.22,0.24,48.32
52de30f695e1aaf7,1706.12,267.69,1438.43,0.63,864614.66,45.08,0.52,0.6,1.43,0.0,8.76
52ec149a7fc6eeba,2027.09,202.87,1824.22,0.74,668188.81,49.07,112.3,271.94,142.6,2.88,37.01
52f1070b12e33cd4,2292.85,256.64,2036.21,6.49,910696.55,49.64,151.2,220.71,440.3,0.24,47.51
532a2dc229b158fb,391.97,48.38,343.59,3.72,30096.94,46.31,0.02,0.05,0.03,2.64,0.47
535a5c362fa466e1,244.08,45.79,198.28,0.65,17456.22,48.04,0.25,0.43,0.62,0.0,2.57
53a8f3073c1bb4d2,326.75,39.48,287.27,0.61,22528.73,49.68,294.13,739.04,678.03,4.08,55.65
53c19af41e415141,313.63,35.84,277.79,0.58,18775.4,49.75,389.41,957.19,752.39,1.68,75.5
53d11566398c8745,4497.1,578.8,3918.31,0.65,3913613.97,45.2,3.35,4.97,5.44,0.24,8.81
543a764d27c92946,4645.44,572.15,4073.29,0.56,3972506.38,46.42,3.56,5.36,5.7,0.24,8.95
544d76b5566b8bd5,140.02,17.77,122.25,7.36,3337.46,46.86,756.46,1139.74,2148.19,1.44,99.14
54614a4dd78e8bfc,1654.13,246.77,1407.36,7.36,879688.7,45.08,0.49,0.51,1.47,0.0,8.72
5495c34a615ff880,153.74,20.09,133.65,0.65,4441.13,47.12,426.92,564.64,1392.61,0.72,80.88
5495e8123da9f7e1,247.61,27.22,220.39,0.66,12828.78,50.25,806.21,1771.62,1266.19,0.24,101.8
54add80e1c2bf762,23638.12,3830.12,19808.0,1.85,295344134.7,45.25,16.02,23.66,37.6,4.32,17.18
54d8488d10262f58,1777.77,229.36,1548.41,0.6,546554.05,45.42,0.43,0.76,0.71,0.24,2.53
551fd8777613e52a,4394.33,527.08,3867.25,0.65,3903595.16,46.0,2.89,4.01,5.73,0.0,7.81
55221bd604c19e62,4722.05,542.75,4179.31,0.7,7149984.15,45.28,12.32,18.15,39.67,0.48,15.28
55603ee5831e61c5,2155.12,300.51,1854.61,0.62,1372902.23,45.12,0.64,0.7,1.89,0.0,6.47
55718e6bc2dba75c,22751.16,2144.39,20606.77,1.87,180613279.37,48.48,208.39,409.09,491.75,0.72,46.09
5574ede4d2f2899b,391.03,43.53,347.5,16.03,26999.69,48.56,296.22,488.64,735.52,0.72,57.13
5585d92dff2d0b00,699.37,99.85,599.52,13.85,392751.6,45.43,0.01,0.01,0.01,12.24,0.31
559949d7839b5732,152.44,21.31,131.13,16.04,4377.36,45.21,0.01,0.01,0.02,0.48,0.43
560a1df3d9caa8b9,163.32,19.28,144.04,0.95,4469.93,49.67,196.84,260.88,382.12,0.48,48.65
5637367fd714e128,397.14,44.19,352.95,7.36,28252.59,49.44,290.43,555.9,466.22,0.24,57.45
566bc14ca3aca30a,1077.85,154.19,923.66,4.67,319492.8,45.18,0.22,0.53,0.19,8.16,3.58
566ef3e5d782a314,4506.19,449.4,4056.79,0.55,5954706.61,49.64,12.38,18.22,39.84,0.72,15.3
569096da6cedf1ee,974.6,120.15,854.45,0.85,234663.09,45.54,0.26,0.3,0.77,0.0,1.83
5693b5af2f9fda64,1829.16,268.18,1560.98,0.6,828485.61,45.15,0.62,0.78,1.52,0.0,5.14
56a671e9fcdb7525,4139.86,506.97,3632.89,15.62,4264199.86,45.21,0.83,1.2,1.97,0.0,4.98
56ce2edaacfec44b,505.87,114.97,390.89,0.71,85675.95,45.05,0.73,0.57,5.75,0.0,26.88
575871a13743c5d3,2593.7,342.25,2251.45,0.55,2091942.06,45.21,0.84,0.91,2.58,0.0,6.2
578fc32bffe936c5,591.2,67.74,523.47,8.82,62120.46,49.35,0.02,0.03,0.02,6.72,0.45
579ee25f696aec64,1011.35,154.81,856.54,0.57,319605.43,45.14,0.49,0.57,1.79,0.0,8.9
57a9e3690c3df8b2,27463.85,3476.28,23987.56,1.38,421156094.24,45.32,355.45,765.46,666.37,0.24,65.03
57c69f3dfa484156,696.83,124.61,572.22,9.97,178910.59,46.96,0.23,0.01,0.01,8.64,1.54
57f419a18c6eb464,2369.95,284.18,2085.78,4.73,1490560.41,45.6,0.54,0.66,1.52,0.0,5.45
5810ee3b824c4bdf,490.51,69.57,420.94,4.67,88267.43,45.21,0.1,0.24,0.03,8.16,1.86
58239dc4c15f5598,932.25,128.36,803.89,0.63,393743.72,45.31,0.44,0.32,1.98,0.0,8.44
582aa34e2cecbbcb,90.46,11.62,78.84,14.72,1354.49,46.91,852.39,1424.68,2017.51,0.72,96.41
58511697d3d0ab06,1054.35,141.72,912.63,0.64,276819.52,45.32,0.29,0.37,0.81,0.0,7.19
5882ad88ec4f96c0,1954.29,247.42,1706.87,9.03,965815.92,45.49,0.78,0.9,2.16,0.24,6.15
58adce5cb81cdd2d,259.55,31.05,228.49,1.3,13763.74,49.71,1917.46,2252.36,6493.05,0.0,177.75
58b519eb13de9cab,3122.86,354.94,2767.93,0.59,2746433.45,45.82,0.61,0.62,1.84,0.0,4.23
5906bc7f22fe9920,220.82,30.23,190.59,0.9,10210.09,47.36,324.39,461.56,753.35,0.0,70.14
59268bc06a21bfaf,1813.65,248.35,1565.3,4.78,950006.1,45.23,0.66,0.95,1.72,0.0,6.77
595439a55deda0d5,950.17,138.42,811.76,4.67,217177.1,45.25,0.19,0.39,0.37,8.16,6.54
5a3c7c70ef4e6e6d,310.16,35.45,274.71,17.09,16655.4,48.86,224.0,462.48,526.92,0.96,47.77
5a95970d5c8fc355,17074.65,1846.58,15228.07,2.06,126440480.59,47.73,625.83,1352.16,1031.36,0.48,72.74
5b067fa39c2c345b,429.46,49.81,379.65,14.69,35677.53,49.01,0.01,0.02,0.01,4.8,0.3
5b2b000d7bb1dc52,1727.17,241.33,1485.84,0.57,711464.54,45.34,0.81,1.14,2.67,0.0,8.03
5b353ae322f71fd5,25943.76,2563.37,23380.39,11.07,311119444.65,49.96,15.82,23.21,36.96,4.32,17.17
5ba750991c5d4141,1738.21,283.21,1455.01,0.57,765371.76,45.05,0.57,0.63,1.61,0.24,6.98
5bfe8005b0af4ab1,768.52,89.79,678.73,18.07,101598.18,49.07,241.99,536.82,344.28,2.88,45.44
5c2247e175ccf711,108.2,13.33,94.87,7.36,1979.02,47.35,165.75,330.09,284.73,4.08,45.15
5c3c8be3961c34f2,2449.9,336.84,2113.07,0.69,1977364.04,45.15,0.7,0.73,2.0,0.0,7.11
5c49f02e2ec1590a,956.89,111.65,845.24,3.45,157106.37,49.13,445.01,877.63,1174.4,0.96,70.46
5c4cf0176e2b346b,1184.12,158.02,1026.1,4.73,327787.73,45.31,0.6,0.91,1.29,7.92,7.25
5c644be5c278761c,5048.01,633.42,4414.6,7.36,4575890.55,45.34,2.06,3.55,3.42,0.24,7.59
5c79ec2d8edbc934,11759.22,1606.45,10152.77,1.12,52125329.34,45.34,7.03,6.82,26.82,0.24,11.61
5c8a66f7ff20529f,27267.77,2602.52,24665.26,2.19,535510591.12,48.47,165.54,408.81,106.77,3.12,38.47
5cc4a1a643c71ed3,1682.07,261.57,1420.49,0.56,598240.68,45.11,0.99,1.23,2.48,0.24,6.19
5cccc156fb47a9be,225.32,25.63,199.69,16.04,8439.64,50.44,674.92,1053.85,1972.65,0.24,97.02
5cdc9517c2c7d517,13092.53,1398.44,11694.09,16.6,157086986.38,49.86,0.43,0.49,1.36,0.0,7.82
5d17cc9ca7e0b554,310.94,61.9,249.03,0.72,56959.57,48.69,12.89,15.76,37.03,0.72,15.98
5d2af0458cef5d1f,1270.76,165.63,1105.13,0.75,418671.25,45.34,0.72,0.89,1.82,0.24,5.3
5d3fa7cca5d58fc3,2312.91,280.36,2032.55,0.56,1382121.44,45.22,18.93,41.71,36.82,0.48,19.14
5dfaf8ac6381e0db,1446.43,223.22,1223.21,0.62,850145.32,45.07,0.42,0.29,1.72,0.0,5.97
5e554577b1ca3e11,721.27,99.01,622.26,5.35,87987.04,45.63,0.16,0.34,0.23,2.16,1.12
5e622b71cac35c36,1631.77,328.09,1303.68,0.64,576874.97,49.25,111.82,272.26,139.9,2.88,37.26
5f7172ef8138d633,2788.08,611.5,2176.58,0.94,2066658.54,45.3,1.13,1.96,2.29,0.72,5.3
5fa1cebf99510207,506.33,58.48,447.84,0.86,78265.3,49.55,6117.75,6924.23,21518.39,0.0,324.96
5fac7298e238b03e,256.63,30.54,226.09,7.36,11654.96,49.87,164.75,304.53,332.82,0.48,44.99
5fc036fbd3a1d660,160.62,21.77,138.85,11.05,4993.94,45.56,0.01,0.01,0.01,0.0,0.51
5fc4d026f4684817,5034.75,595.65,4439.1,0.72,5108338.26,45.84,4.02,5.47,7.28,0.0,10.46
6000448fb0615729,1496.07,232.3,1263.77,0.67,1005570.83,45.06,0.37,0.3,1.34,0.0,4.69
6078c2cd0985d644,217.67,27.41,190.26,16.04,8410.17,49.7,309.86,869.43,436.78,3.36,53.77
60a14e9e8f6ec19e,736.96,110.5,626.46,1.2,114188.52,45.86,0.07,0.11,0.16,0.24,1.04
60cfc31459a7d03d,176.59,25.65,150.93,0.58,7551.51,48.09,243.69,369.72,735.65,0.24,60.47
6109a08da516868c,279.03,37.41,241.62,0.96,15607.84,48.93,631.14,827.21,2137.22,0.0,103.24
61459fddbfd4b227,3627.19,433.36,3193.83,0.71,3477786.68,45.22,1.23,1.46,3.68,0.0,7.27
615090d6134df4fc,2562.8,411.18,2151.62,0.86,1968007.32,45.2,1.98,3.05,4.76,0.0,6.19
61b00bfb8d1ea4ec,2893.72,419.29,2474.43,0.58,2886644.3,45.23,25.15,45.7,29.22,6.0,21.35
61d80acce22944d9,259.19,31.54,227.65,16.03,11793.17,45.77,0.01,0.01,0.01,0.48,0.3
625293cfdb21942d,961.58,141.48,820.09,0.66,395392.84,45.13,1.05,0.39,5.29,0.0,10.47
62c04036f465b2db,5645.7,734.01,4911.69,0.58,6705601.96,45.24,3.77,5.38,6.87,0.24,8.95
6314eafa84fb1507,303.57,33.75,269.83,7.01,16175.24,49.34,0.01,0.01,0.01,3.36,0.23
6345098fd256eff2,35794.4,3279.78,32514.62,2.25,909242076.47,45.22,17.4,25.19,41.12,0.0,17.7
63786be52003cb3a,3957.52,493.92,3463.6,0.62,3720505.41,48.94,2148.07,1805.66,8502.45,0.24,192.64
63801e3aebe2495f,5814.21,686.74,5127.47,0.58,6256926.06,45.99,153.79,260.49,195.69,4.32,41.1
63839d4f4d778f92,3383.88,442.36,2941.52,0.72,2424451.64,45.5,3.1,4.98,4.7,0.24,11.04
63bacad30cedb457,469.21,50.72,418.49,8.3,40412.51,49.86,0.01,0.01,0.01,4.32,0.26
63efc0a6791c5458,6047.28,738.0,5309.29,0.66,6784918.98,45.58,3.72,5.6,5.68,0.24,8.77
641732847b906bfb,23.54,3.34,20.2,9.95,96.2,46.2,0.0,0.01,0.01,1.68,0.19
645089c148226be9,5087.3,683.64,4403.67,0.55,5364368.86,45.2,3.64,5.63,5.05,0.24,9.38
64a073d1c5742179,1455.88,197.01,1258.87,0.66,525953.42,45.2,0.25,0.45,0.62,0.24,3.1
64fd8b83d246978a,16116.17,2161.52,13954.65,1.67,180115399.37,45.44,264.13,421.16,644.72,0.24,62.09
655a4809122b3d21,4836.56,549.94,4286.62,11.08,5760448.33,47.11,15.9,26.8,20.87,4.32,18.29
655fbe38e3602619,527.87,62.11,465.75,12.41,49989.79,45.48,0.02,0.04,0.03,0.48,0.56
656616155f7acb5b,2544.79,268.99,2275.8,1.06,1681855.51,49.56,5356.74,4934.53,21192.27,0.0,300.43
65a0881ddb4a2159,1935.79,264.73,1671.06,0.65,911001.49,45.24,1.41,1.6,4.36,0.0,9.15
662418cca95ec4e1,2389.22,295.46,2093.76,10.36,1022486.54,46.2,0.33,0.57,0.41,9.12,2.16
66646a2252b9d7e1,2174.38,304.46,1869.92,0.69,2380832.94,45.32,0.71,0.53,2.68,0.0,4.31
666544e11f45ad44,2031.93,269.71,1762.22,9.05,902733.17,45.51,0.59,0.81,1.56,0.0,8.03
667e690ae0be308a,2580.4,373.45,2206.95,0.63,2947578.35,49.75,124.41,142.74,416.34,0.0,47.9
66837fd73194c8cf,1864.67,267.51,1597.15,0.61,925602.05,45.24,0.58,0.69,1.45,0.0,6.81
6732ca8a89e70c36,258.86,32.88,225.97,7.36,11530.94,47.88,206.48,394.51,429.11,0.48,54.28
673bc83cb12984f0,29602.13,2564.83,27037.29,2.16,296824769.2,45.25,284.13,655.14,509.11,0.96,66.21
678e545cd7a949c6,302.6,35.53,267.07,16.04,16069.1,45.57,0.01,0.03,0.02,5.04,0.39
67c2b5a33ba9ff97,222.76,25.24,197.52,17.09,8660.56,50.21,207.21,409.09,462.98,0.72,53.01
682a501f63efe522,701.71,152.23,549.49,0.57,155824.97,45.04,1.28,1.31,7.02,0.0,36.96
68a0f191ae57c7ea,21909.94,2545.59,19364.35,2.59,173684645.26,49.14,171.62,297.26,245.15,1.2,38.26
691b96984e993433,1052.2,127.72,924.48,0.64,208229.56,45.56,0.11,0.19,0.23,0.24,2.29
694ce29d48cdd59a,519.97,60.16,459.81,0.83,47954.94,50.28,213.63,367.07,482.93,0.24,55.62
69585314d08e5849,1045.23,123.29,921.95,1.91,202927.24,47.5,0.1,0.14,0.22,0.24,1.17
69aa7744cb30f0b7,290.83,36.55,254.28,7.36,14262.26,47.02,0.01,0.02,0.02,0.48,0.31
69aea1837c52aef3,27651.63,2792.68,24858.95,1.9,406540202.01,49.33,86.64,148.56,216.72,0.72,34.2
69f5dcf47c83b73e,4445.62,551.26,3894.36,0.69,4868300.61,45.22,0.66,0.81,1.79,0.0,4.75
6a233d2584a2592b,2859.9,390.91,2468.99,0.58,2637549.13,45.22,1.07,1.27,3.09,0.0,5.32
6a842d63ca4ee092,36183.63,3415.18,32768.45,1.87,519702033.83,48.91,1037.22,1756.0,2678.76,0.24,135.11
6a9e7cce585123b6,3508.36,395.93,3112.43,0.65,3316668.24,46.44,0.46,0.52,1.34,0.0,3.09
6aff92523c6c3c59,2246.56,289.18,1957.37,0.57,1699060.73,45.42,1.55,1.73,4.66,0.0,10.56
6b0085d333250ab6,5737.33,657.43,5079.9,1.66,32352441.28,45.23,65.66,120.73,125.8,1.92,33.97
6b66cde00a49661e,1629.67,239.77,1389.91,0.68,704265.96,45.28,0.5,0.66,1.24,0.0,4.92
6bd120f71533c723,1057.27,158.33,898.95,4.67,309538.78,45.09,0.22,0.33,0.56,0.0,4.47
6c0da71c2314a940,1237.57,175.36,1062.2,5.88,296750.67,45.52,0.09,0.19,0.11,4.56,1.11
6c87cce419dd3046,747.01,86.48,660.53,0.75,117884.54,49.11,203.89,331.59,570.49,0.24,50.01
6c9f2162187d78fb,413.17,50.06,363.11,7.01,29195.81,46.72,0.01,0.02,0.02,7.68,0.32
6cc00dcf141935bd,409.21,54.68,354.53,6.44,30111.13,46.35,0.02,0.06,0.02,5.28,0.46
6ceb590cda1bc602,133.05,19.54,113.52,14.11,3302.98,45.35,0.01,0.01,0.01,9.36,0.7
6cf2b9a24572da71,222.27,27.81,194.46,0.96,8670.77,45.99,0.01,0.02,0.01,0.24,0.49
6d10fe09b915efe7,736.96,110.5,626.46,1.2,114188.52,45.86,0.07,0.11,0.16,0.24,1.04
6d21acb0b8bd74af,1676.58,249.07,1427.51,0.54,660508.0,45.08,0.49,0.59,1.47,0.0,7.52
6d3cf45db5089246,9056.03,1025.16,8030.86,0.76,14853789.53,46.26,4.31,6.55,6.64,0.24,9.32
6d4bb8e9a46690c6,661.35,96.34,565.01,0.68,101809.7,45.33,117.62,196.49,151.14,4.32,35.93
6d6dc12589807af2,711.99,84.21,627.79,18.07,86509.28,48.88,261.46,330.23,857.08,0.48,57.61
6da10f3014ae1c9a,1251.83,175.85,1075.98,0.53,330968.06,45.19,0.77,0.77,2.81,0.0,8.25
6deaa28eb64f29ed,473.73,89.7,384.03,0.68,98174.01,49.74,0.34,0.25,1.15,0.24,2.37
6e5b93b1750db7c2,2023.94,267.56,1756.39,0.78,1802622.96,45.26,155.76,261.62,201.59,4.32,41.15
6eb1ed39b182b06d,1829.75,244.64,1585.11,0.65,986352.49,45.18,0.87,1.01,2.69,0.0,8.43
6ebfb53d0e12b072,177.04,20.47,156.58,7.36,5400.05,49.17,140.41,202.07,152.04,6.48,31.75
6f139bc0c804693e,169.53,21.58,147.96,8.15,5113.42,45.64,0.0,0.01,0.01,6.96,0.43
6f24252a48f73cff,608.71,96.88,511.82,13.15,79772.03,45.89,0.03,0.07,0.05,0.72,0.7
6f9a84039d7ba139,323.98,37.76,286.22,14.41,19346.43,48.23,0.01,0.01,0.01,0.72,0.23
6fc67157dd1f0531,2867.07,333.88,2533.19,0.61,2272082.08,45.22,1.1,1.17,3.75,0.0,5.98
701074fb6eb1d995,61.84,6.78,55.06,5.32,663.15,49.24,0.0,0.0,0.0,4.08,0.09
70c82c138a6616a6,491.72,55.14,436.58,4.86,41493.93,50.33,169.43,214.5,543.49,0.0,47.96
70e130b56383c596,5114.5,678.34,4436.16,0.62,5759571.45,45.22,0.98,1.39,2.15,0.0,4.95
70e5c4a15f6cfa39,1885.63,245.74,1639.89,0.67,919344.99,45.34,0.56,0.87,1.31,0.0,5.79
7237ff83c5e46e3e,4184.35,622.89,3561.46,11.34,3869687.85,46.5,81.47,137.59,195.09,0.0,38.65
724af149124b2dc2,7358.59,981.03,6377.56,0.59,13498135.84,45.25,33.37,52.34,80.25,1.68,24.76
727833e541c21ac7,1655.92,233.4,1422.53,0.73,587552.89,45.26,0.63,0.79,1.64,0.24,8.49
727bc1694a63a57f,873.06,129.95,743.11,4.68,210327.81,45.08,0.17,0.4,0.18,8.16,5.65
7293a47599025914,1340.65,160.58,1180.07,4.67,401483.4,45.8,0.28,0.6,0.29,8.16,2.88
72fbb187cfb2103a,448.7,72.57,376.13,4.75,49957.48,45.4,0.13,0.29,0.1,8.16,2.48
7333604d592f9305,9333.53,1133.19,8200.34,2.77,37375184.68,45.32,26.38,43.99,36.88,4.32,21.88
733eef87a2db9794,2221.0,345.22,1875.78,0.59,2434536.34,48.99,2147.52,1798.06,8504.51,0.24,192.65
7341abe0c4f0c0fb,1191.25,151.39,1039.86,9.34,369778.04,45.31,0.32,0.73,0.31,8.16,2.01
73bf08a215d09699,308.04,51.97,256.07,0.63,31962.57,46.85,119.48,255.77,162.58,3.6,38.24
73d703a860281cea,3846.25,368.63,3477.61,0.61,3880004.49,46.06,14.92,11.34,60.21,0.24,17.41
7434a260e516e683,27028.37,2092.29,24936.08,1.34,523045308.56,50.19,480.02,765.37,793.2,0.24,76.9
7441b56d89b7acf8,1538.65,225.85,1312.81,0.62,666029.9,45.16,0.88,0.67,3.86,0.0,12.19
744dc0baf3eae444,152.53,18.19,134.33,0.57,4090.85,48.09,679.77,806.63,1969.61,0.48,95.19
748d2f794ca6a7f0,356.66,50.12,306.54,4.67,54891.5,45.21,0.15,0.37,0.22,8.16,7.08
74cf5c8c60025613,211.81,23.49,188.32,11.11,7902.5,47.6,0.0,0.01,0.01,0.72,0.2
74e994c661dbb7ce,1197.73,254.22,943.51,0.62,725623.64,48.16,289.34,544.63,547.82,0.48,58.97
754db7317c059a8d,4157.47,549.27,3608.19,0.67,3232973.25,45.13,2.82,3.75,5.17,0.24,9.24
75e26a6c51fe95c0,101.14,18.23,82.91,0.64,1913.4,45.2,0.01,0.01,0.02,0.0,1.17
75eb9f085956e278,2142.65,307.02,1835.62,0.61,1286802.75,45.15,0.49,0.61,1.32,0.0,5.6
75fb1b5125da33be,1185.2,170.71,1014.49,1.43,316406.35,45.09,0.39,0.53,0.96,0.24,4.68
760a4fcaaa4ae553,206.85,26.75,180.1,16.04,8436.95,45.52,0.01,0.01,0.01,8.16,0.26
76b0869d9ed542be,2212.77,279.5,1933.26,0.62,1348539.41,45.47,0.73,0.83,2.2,0.0,9.87
76bd08130e044471,2211.46,338.0,1873.46,0.61,1566573.01,45.1,0.57,0.64,1.72,0.0,5.65
77bf77602417ca83,304.58,42.59,261.99,11.0,17663.25,46.17,0.02,0.06,0.01,6.0,0.45
77cfef96a8e535a6,1446.99,174.61,1272.38,9.68,396864.12,45.38,0.17,0.24,0.18,8.4,1.46
7804d3bc0924a464,11047.64,1148.58,9899.06,0.6,23162283.38,45.83,58.12,67.78,192.91,0.24,33.99
784f9feac828dc72,705.25,80.4,624.85,8.06,85918.41,49.43,477.87,759.64,1147.05,0.0,83.91
78675f8e49fc93b9,7093.19,902.77,6190.42,0.66,9884156.27,45.49,6.37,9.76,10.98,0.24,10.84
78bd63286316f143,580.44,77.38,503.05,4.75,118226.12,45.6,0.14,0.33,0.13,8.16,3.74
78ce57e8785b75ae,810.82,129.33,681.48,10.95,184506.17,46.33,0.17,0.37,0.09,5.04,1.51
79851adc06e8aa1b,886.96,122.23,764.73,4.67,221897.88,45.35,0.16,0.38,0.1,8.16,3.19
79a2edd1b81138f4,185.63,21.2,164.43,0.8,21688.17,46.17,875.91,512.69,3612.25,0.24,125.72
79c77b4e9f03fb5c,43333.78,3682.33,39651.46,1.34,1375064801.86,49.57,508.62,769.7,986.83,0.48,85.79
7a32d5a6fc9f68f0,1280.54,196.51,1084.03,0.62,1259131.12,45.06,0.63,0.45,2.54,0.0,8.99
7a5ed955cc1ddaa6,2167.82,297.09,1870.74,0.73,1856617.71,45.16,0.71,0.8,2.19,0.0,6.14
7adf9227f549d106,417.43,40.79,376.64,9.37,31952.82,49.27,124.06,175.9,176.41,0.72,39.04
7b314774cdf24403,2052.94,266.31,1786.63,7.36,917315.07,45.29,0.63,0.97,0.97,7.92,4.67
7b82ccc0c0802cef,5893.62,674.8,5218.82,0.62,7422609.94,45.63,0.73,1.02,1.45,0.0,3.95
7bd26e8d9ad55d24,204.7,25.03,179.66,7.36,7105.29,49.39,552.95,889.19,1234.02,1.2,84.97
7c0c02b4876b6b96,540.52,70.86,469.66,12.39,53464.92,46.14,0.05,0.09,0.07,1.2,0.74
7c34826d45d06aa3,180.24,21.65,158.59,7.36,5374.29,50.54,0.05,0.05,0.15,0.24,0.84
7ced206baa093585,802.71,107.63,695.07,4.67,216654.37,45.25,0.19,0.45,0.13,8.16,3.8
7d097d46da21beb3,88.36,11.13,77.23,7.36,1339.49,47.72,300.68,563.28,761.68,0.24,51.64
7d56d3119e4bf15e,3440.78,413.46,3027.32,0.67,3584005.7,45.21,0.82,0.94,2.51,0.0,6.1
7d9ebf64eb944f33,319.73,36.45,283.28,1.93,18136.17,48.91,0.01,0.02,0.01,7.92,0.33
7dcae7232ee6d4d1,284.66,31.87,252.79,16.04,14578.09,48.63,149.97,156.7,427.97,0.24,46.27
7def3b859b78bb12,582.53,84.08,498.45,12.04,86931.64,49.07,0.01,0.01,0.01,10.8,0.27
7dfa49cc3b660513,504.53,78.94,425.6,0.6,53785.5,45.11,0.11,0.19,0.3,0.0,5.7
7e8c5df9f1fbd34b,21210.66,2133.56,19077.11,1.6,417345232.9,45.19,1055.06,1705.91,1852.24,0.48,114.21
7ebd92e52e962872,3201.52,438.96,2762.57,0.62,2277638.24,45.53,15.24,12.16,61.06,0.24,17.43
7efce53ae6002466,310.76,38.34,272.42,13.36,16887.99,45.9,0.01,0.02,0.02,0.72,0.54
7f06aa7473a52e06,3018.31,364.27,2654.04,0.74,1736845.11,45.37,2.64,3.98,4.01,0.24,8.51
7f8dd130078f58ea,1705.69,236.67,1469.02,0.6,1363611.92,45.17,0.49,0.36,2.03,0.0,6.23
7fa1b51405925c82,583.43,52.52,530.91,12.51,63672.58,50.06,435.61,564.8,1502.44,0.24,79.27
7ff332cd4a0b8489,529.74,56.95,472.78,8.51,49808.83,49.31,102.4,172.51,288.26,0.24,39.84
7ffc67c7130d4c4b,168.71,24.53,144.17,17.41,5114.71,45.43,0.01,0.01,0.01,3.6,0.62
8.39E+15,2422.84,342.31,2080.53,7.36,1367404.55,45.2,0.55,0.8,1.26,0.0,5.32
8.41E+15,4015.75,451.73,3564.01,0.62,3629268.85,45.22,63.25,106.26,81.48,4.32,31.44
808e6e1f01b7f5cc,1882.61,249.55,1633.06,0.68,1889815.59,45.19,0.87,0.44,4.1,0.0,6.65
80b914f982f94981,974.62,155.67,818.95,0.54,218642.36,45.25,0.61,0.79,1.83,0.0,6.77
810351422be03403,179.92,21.2,158.72,15.13,5494.09,48.93,201.36,551.31,139.26,3.36,48.09
8116aa4a100ceee8,4121.02,483.36,3637.66,0.56,4719799.57,45.28,10.58,17.22,17.44,0.72,14.24
818561d7a3355077,26002.62,2371.4,23631.21,8.28,509207979.72,49.89,11.35,13.18,30.29,0.0,14.64
82033aee8f37fd2c,213.87,26.07,187.8,7.36,8007.37,46.99,0.01,0.01,0.01,3.6,0.46
820ef98c3e7dadf2,1985.4,285.79,1699.61,0.62,1153538.86,45.1,0.87,0.78,3.17,0.0,6.7
82372dc4703ea1b0,1769.81,274.07,1495.74,1.6,782590.63,45.18,0.81,1.07,2.43,0.0,8.18
82483acee316546d,253.7,39.28,214.42,0.96,15240.68,48.1,189.52,313.34,545.34,0.48,54.06
82a336fa4aa88b3e,21667.62,2452.75,19214.88,1.72,126592901.06,49.65,38.38,59.71,117.66,0.0,27.03
82be46e259b363f2,303.03,37.09,265.94,15.16,17563.92,48.6,0.01,0.01,0.01,7.68,0.25
82c04982a3fe7843,1431.39,229.0,1202.39,0.66,635744.59,45.07,0.64,0.83,2.01,0.0,12.3
82fbb767f77da8ce,950.62,135.49,815.13,17.32,307579.21,46.35,0.1,0.16,0.12,10.08,1.18
83094c958a0313ed,336.72,41.25,295.47,7.25,19735.61,49.22,728.21,1171.28,2236.6,0.0,111.87
83118d1d090c2a76,621.01,77.89,543.12,0.75,76999.17,47.23,262.71,573.45,381.41,3.6,54.08
83932fa4c3b4892e,1972.36,293.51,1678.85,0.65,1382528.94,45.08,1.05,0.81,3.95,0.0,7.15
83d03180f78316a4,2780.85,360.31,2420.54,0.57,2049022.78,45.23,0.66,0.87,1.35,7.92,4.93
83f3b4d2bb88ad31,1781.22,280.88,1500.33,15.62,896564.52,45.06,0.63,0.75,1.79,0.24,4.13
83f748f6dbb6713d,667.12,87.19,579.93,0.67,83593.05,49.38,1305.18,1380.52,4711.07,0.0,145.34
83fdcc8ef928f889,2580.4,373.45,2206.95,0.63,2947578.35,49.75,124.41,142.74,416.34,0.0,47.9
840178b8421b1a93,181.37,21.16,160.21,7.36,5572.37,49.81,397.08,689.52,869.32,0.72,61.61
841c0a88eaa8e9a9,2538.13,345.01,2193.11,0.62,2044383.58,45.37,0.44,0.59,1.03,0.0,3.55
846af615959bfd73,3201.52,438.96,2762.57,0.62,2277638.24,45.53,15.24,12.16,61.06,0.24,17.43
84c492ebfffb69cf,555.22,70.66,484.57,0.57,57324.84,49.17,364.48,517.4,1100.97,0.0,74.87
84e9975b02ef31f1,43.77,5.71,38.06,6.92,329.79,46.31,248.4,353.7,648.17,0.24,67.61
84ec74bb5ab0e824,5960.71,756.95,5203.76,0.6,6717391.49,45.23,4.82,7.45,7.23,0.24,11.38
850b942efe8ff49c,6849.09,832.58,6016.51,0.58,9554176.03,45.27,3.12,4.51,5.24,0.24,8.74
851ac11b7176fe46,254.54,56.24,198.3,0.71,30496.57,48.42,2.7,2.08,11.8,0.0,8.9
8531c207010b3fba,5469.43,746.98,4722.45,0.66,6662851.87,45.25,3.45,4.93,6.41,0.0,10.12
857a0dbcd7aa59f6,2667.97,326.57,2341.41,0.64,2221093.3,45.3,0.75,0.73,2.38,0.0,6.74
858532f2d7107f66,1730.88,249.34,1481.53,7.36,753392.72,45.18,0.48,0.64,1.24,0.0,7.75
858a06392990f8cf,287.08,38.73,248.36,0.77,15018.73,45.22,0.01,0.02,0.01,3.6,0.3
858f07cd107f01a8,269.44,39.05,230.39,0.69,15462.77,48.72,189.68,345.4,271.88,3.36,47.15
85ccc314739be88a,2070.3,281.67,1788.63,16.04,1047752.24,45.2,0.24,0.29,0.68,0.0,3.78
862c59b072b62c0c,2244.38,308.92,1935.46,0.53,1416228.14,45.25,1.34,1.49,4.58,0.0,8.09
864e6aa390bfecdb,15353.01,1293.14,14059.87,2.17,110080671.38,48.09,379.53,1051.63,306.76,5.28,62.8
8733050c0d694364,2184.72,315.47,1869.25,0.62,2299395.53,50.28,266.56,538.54,403.85,0.24,55.88
873416671d130e41,2077.98,286.55,1791.44,0.56,1573463.03,45.19,0.75,0.8,2.35,0.0,6.58
8789ed2c0cabd60a,291.22,33.1,258.12,7.36,14804.2,48.8,442.0,951.16,854.83,3.12,70.02
8829294d40df0e82,509.57,62.91,446.65,0.75,51889.9,46.83,126.03,164.34,433.68,0.96,45.34
8856736d4de6ce20,3932.95,460.99,3471.96,0.63,3564541.56,45.43,0.55,0.76,1.23,0.24,3.1
8879a5221644bbf8,908.76,121.52,787.24,0.7,272452.47,45.37,0.18,0.19,0.59,0.0,4.87
88eb821547c5e0b3,6688.23,799.07,5889.15,0.79,8142060.08,45.98,3.56,5.57,4.9,0.24,8.63
8926d728ffaf126b,252.39,31.69,220.71,2.8,11613.94,48.07,0.01,0.02,0.02,0.48,0.32
894309c830f0cf0f,3846.25,368.63,3477.61,0.61,3880004.49,46.06,14.92,11.34,60.21,0.24,17.41
8944ca07ff7952b2,4730.81,587.76,4143.05,0.57,4143116.03,45.53,1.92,3.14,3.61,0.24,6.86
896e5378f479222d,386.73,68.05,318.68,7.36,28492.53,49.19,171.18,209.09,530.01,0.0,55.05
89a2917aef2d0ee5,23535.23,3535.19,20000.04,1.67,156250694.1,46.66,487.09,753.78,1453.01,0.0,89.06
89a3939f1105259c,357.34,45.76,311.58,4.28,23135.09,45.36,0.01,0.01,0.01,8.4,0.24
89e378c3ab4ac152,768.32,94.47,673.85,16.04,103013.49,46.48,0.06,0.11,0.08,7.92,1.25
8a1e652723e0bdc9,2148.62,267.59,1881.03,0.61,989544.62,45.54,0.72,0.87,1.92,0.0,6.32
8a5804d81bd2a72d,2410.98,319.34,2091.64,0.62,1852973.96,45.22,4.66,4.81,18.62,0.0,10.39
8a5bcb69d8bbdb27,2165.31,332.25,1833.07,7.36,1132621.43,45.05,1.08,1.13,3.54,0.0,8.29
8add0c79bb0f3145,1454.71,189.09,1265.63,3.82,373271.82,45.95,0.48,1.07,0.8,2.64,1.9
8b1c1169bff5c7af,4307.08,569.85,3737.23,0.56,3496253.22,45.39,3.89,6.05,5.58,0.24,12.06
8b37a05f448b9ad7,234.97,27.16,207.81,7.36,9581.5,48.34,171.72,296.14,375.02,2.88,45.35
8b6de113235a32e1,2866.55,373.82,2492.73,0.61,1751990.71,45.14,2.94,4.59,7.71,0.24,14.67
8c615f6805325d06,9883.31,1369.37,8513.93,0.71,18328178.83,46.1,2.45,3.66,3.62,0.0,6.61
8ccda71f0553b0ae,1247.2,140.62,1106.58,9.59,271493.13,47.69,0.1,0.16,0.12,8.16,1.03
8ce359aa2e744a2f,161.44,21.1,140.34,7.36,4885.62,46.3,352.08,389.55,1234.65,0.24,78.42
8d005298c16d93f9,446.25,58.59,387.66,0.96,33472.86,47.68,0.01,0.02,0.02,0.24,0.31
8d2e8d6a7d0155be,2043.53,295.77,1747.75,0.61,1095535.06,45.24,0.68,0.85,1.75,0.0,7.49
8d7db8abb914c47d,4456.74,514.98,3941.76,0.66,3915484.84,45.23,2.47,3.65,3.71,0.24,7.78
8d878c1c19a24e0b,14428.97,1559.37,12869.6,3.86,39870826.52,46.27,16.03,29.61,28.37,5.76,16.33
8dd79ab2eb0b7342,228.75,32.04,196.7,16.03,10115.33,45.22,0.01,0.01,0.01,10.08,0.43
8df6ba47076b6c84,1535.38,213.4,1321.97,4.75,469433.43,45.23,0.6,1.39,0.88,3.6,3.56
8e4419467c9257a4,1082.83,158.71,924.13,0.58,290231.41,45.17,0.22,0.37,0.45,0.24,2.9
8e57ec8dfd62904a,423.56,118.94,304.62,0.55,91094.44,45.04,0.72,0.52,7.65,0.0,33.4
8e6a23e3cadb3a59,1236.55,201.76,1034.79,0.65,473213.78,45.06,0.56,0.53,1.76,0.0,6.56
8e7f51ab3d9961b8,645.01,99.27,545.75,13.15,90858.42,47.76,0.04,0.12,0.05,3.84,0.8
8f1b1f91d2cd1e0f,34372.62,3177.16,31195.46,1.63,347287870.85,49.91,191.52,435.85,395.24,0.48,46.66
8f81ca4742d55d0f,28366.17,3878.79,24487.38,3.42,211748525.98,45.23,101.22,125.74,250.46,2.16,35.53
8fdad7c581077c88,135.82,16.21,119.61,7.36,3156.46,47.75,173.92,384.19,304.2,3.12,48.76
9015c1aae352ab72,42849.12,3182.1,39667.02,1.63,460282298.96,49.11,485.24,756.11,1430.35,0.0,89.07
90587a77abea8f8c,1679.54,209.31,1470.23,0.58,1265337.51,45.41,1.15,0.85,4.59,0.0,8.68
907038efc9fe4db0,7358.59,981.03,6377.56,0.59,13498135.84,45.25,33.37,52.34,80.25,1.68,24.76
90797ef6543bf16d,1948.22,270.82,1677.4,0.68,1477973.58,45.21,160.93,270.62,206.91,4.32,41.66
913f9cd2f436fed8,1242.33,191.99,1050.34,0.63,435173.33,45.23,0.59,0.65,2.08,0.0,9.94
919ea32cb4bd450e,12497.07,1464.97,11032.1,2.27,61513262.54,48.83,241.19,258.55,797.66,0.72,56.24
91a4099620f2e0b7,5882.24,733.55,5148.69,0.59,6542779.23,46.03,3.97,5.8,6.35,0.24,9.02
91b7765dfb71bc94,33374.95,3012.14,30362.8,1.69,517011673.24,49.16,109.3,155.41,198.72,0.48,35.52
928f8c90918746ac,250.75,51.79,198.96,4.67,21696.57,45.06,0.13,0.34,0.04,8.16,4.89
92f4b379572d147d,3923.36,499.75,3423.61,0.63,5121066.41,45.43,0.9,1.07,2.46,0.0,5.59
936e5dc217abd17c,242.15,35.31,206.84,14.88,10708.11,45.22,0.01,0.02,0.01,3.6,0.53
9386ad78cadfd30e,1767.96,256.6,1511.36,7.36,821288.14,45.23,0.98,0.95,3.33,0.0,8.12
93a2f139096bf9ee,27468.65,3401.71,24066.95,11.04,288930926.96,47.12,11.48,13.34,30.83,0.0,14.68
93a8f78aa0533c5a,344.16,46.65,297.5,14.72,21305.02,47.33,0.02,0.03,0.03,1.44,0.55
93e8d9cb23291635,4121.02,483.36,3637.66,0.56,4719799.57,45.28,10.58,17.22,17.44,0.72,14.24
94454bad328ce0bc,2117.11,262.52,1854.59,0.78,1323873.02,45.3,0.73,0.67,2.43,0.0,6.41
945752fdf72e8da4,1579.09,223.33,1355.76,7.36,675087.37,45.21,0.56,0.64,1.62,0.0,6.61
9582674e9d493709,294.14,36.03,258.11,6.91,15234.26,46.41,0.01,0.02,0.01,3.6,0.38
958c3fac604421a4,267.38,34.18,233.2,5.88,12199.7,46.0,0.01,0.02,0.01,5.04,0.29
95ee04afc17cb3ff,2543.16,357.8,2185.36,0.6,1791215.46,45.18,0.75,0.9,2.2,0.0,6.36
965368ee4b50d672,226.65,28.87,197.78,17.09,9909.38,46.75,0.01,0.02,0.02,4.08,0.43
96cb7ff60aa96eef,166.04,27.54,138.49,22.57,6866.98,45.27,0.01,0.01,0.01,7.92,0.36
970bafd2b2adbfb8,522.88,73.26,449.61,0.59,58215.34,45.2,0.17,0.38,0.27,3.6,1.89
976a40be2b3c1d08,274.04,30.49,243.55,14.72,13027.54,49.57,48.99,76.47,74.37,0.96,23.1
978bfe801aa25a54,19618.36,2146.52,17471.84,5.56,266132092.82,47.06,0.63,0.82,1.67,0.0,5.41
97a0a7ec347e627c,216.51,25.53,190.98,7.36,8879.16,50.58,172.5,447.89,318.99,1.2,39.73
97a400b6ba00b6b1,1671.74,222.17,1449.57,4.73,668511.15,45.67,0.33,0.73,0.35,8.16,3.27
97d4024ee37d9483,3374.29,407.7,2966.59,0.59,2353619.6,45.41,1.11,1.73,2.57,0.24,4.1
9809e6bfe6d68a94,666.33,97.95,568.39,15.02,113566.83,45.96,0.08,0.17,0.04,2.88,1.02
981b7d0eb2c1a457,38003.51,3481.0,34522.51,1.83,417932701.48,48.7,849.98,1130.63,1694.75,0.72,108.99
9848ef777c5ad4fe,396.03,46.11,349.92,18.07,26640.68,48.9,0.01,0.02,0.01,8.16,0.3
98574abf4d57a99e,160.56,18.78,141.78,14.72,4282.31,50.27,209.93,368.21,547.91,1.2,56.9
99074ede9d985437,22319.59,2380.47,19939.12,1.5,263831183.02,47.03,451.5,718.24,1299.76,0.24,84.66
99348daae3a70d55,357.52,45.8,311.71,3.0,22327.4,45.93,205.44,321.85,451.98,3.84,49.42
99d83372f55a8aeb,15044.5,2100.94,12943.55,1.87,110239554.93,45.2,57.37,54.72,213.59,0.24,34.13
9a2519dd3569f892,1386.82,173.73,1213.08,0.59,500865.97,45.46,1.94,1.86,7.45,0.0,6.25
9a4d1876d7ab18e4,19603.09,2042.14,17560.95,1.5,218924338.42,48.48,92.17,162.14,238.38,0.24,38.7
9a552efa0ca79039,431.29,48.16,383.13,7.36,32562.49,49.09,307.17,441.65,830.81,0.24,65.89
9a76ea410c65e958,2822.49,342.02,2480.47,0.65,3303965.24,45.59,1.04,0.93,3.53,0.0,6.43
9a9eccfcb804a0b1,638.72,77.04,561.68,0.75,87921.56,47.32,212.44,389.84,589.22,0.96,45.76
9ac1d151675201a1,2562.09,339.57,2222.53,0.55,2648915.97,45.23,0.98,0.78,3.82,0.0,5.14
9ad1b27bf2b2122a,1153.83,185.87,967.96,0.62,419250.39,45.17,0.46,0.53,1.49,0.0,7.82
9b3de6a93745ba91,29081.63,3064.24,26017.39,2.0,235193021.11,45.07,237.28,570.6,344.11,2.88,55.32
9beb3257cb5462cb,1127.95,127.03,1000.92,0.75,261292.52,49.36,502.49,532.91,1771.35,0.24,94.63
9c36ec20669367a8,710.47,99.6,610.87,4.95,97050.32,45.94,0.04,0.12,0.05,3.84,0.77
9c43bc429862f6f6,24243.84,2335.79,21908.06,1.42,276751650.96,46.79,89.71,213.08,193.62,0.24,32.59
9c576a856f6999d9,1779.34,268.76,1510.58,0.66,1068068.81,45.08,0.59,0.67,1.79,0.0,6.8
9c863f038824d3ce,2369.01,322.92,2046.1,0.59,1614150.59,45.28,1.27,1.3,4.03,0.0,8.51
9cd43f0b5f3c57de,318.97,40.77,278.2,9.58,19820.26,46.78,0.01,0.01,0.01,8.16,0.28
9ced95514fd5e1a6,506.6,61.19,445.41,13.67,44610.51,50.35,0.02,0.03,0.02,6.72,0.45
9d3ab27f8fb64403,139.9,16.43,123.47,7.36,3541.9,49.28,499.86,1013.03,1030.33,0.72,73.59
9d3f479d4e4fc5a6,482.84,61.54,421.3,14.99,41079.82,45.3,0.03,0.05,0.04,7.92,1.68
9d5ea9896236f65c,221.52,29.31,192.21,7.36,8418.8,50.58,147.76,239.11,282.43,1.92,38.2
9d88ceb951183e06,588.74,61.53,527.21,10.96,61584.03,49.53,204.83,415.53,320.6,0.24,44.68
9db426dbf41cc041,3058.69,385.46,2673.23,7.36,2992520.08,45.34,0.69,0.62,2.35,0.0,4.48
9dbde218ee0cdd7f,396.64,45.2,351.44,2.49,27196.17,49.07,465.3,649.36,1464.86,0.48,76.23
9e0f0c1467774909,293.84,36.75,257.09,0.8,19697.17,49.88,81.58,123.05,201.8,0.72,36.48
9e15bc03075aea6a,710.69,76.49,634.2,7.36,87041.24,48.18,67.9,106.67,197.93,0.96,28.55
9e2be2aa0bf17355,403.21,58.86,344.35,16.52,28757.33,46.01,0.09,0.16,0.14,0.72,1.04
9e7fee26bb11439a,4445.62,551.26,3894.36,0.69,4868300.61,45.22,0.66,0.81,1.79,0.0,4.75
9ea4454c9f7100f2,1888.73,242.47,1646.26,0.65,1330880.0,45.58,1.12,0.64,4.77,0.0,6.84
9f157f85962151b3,200.09,36.7,163.39,0.63,11333.31,47.88,0.09,0.1,0.26,0.0,1.55
9f77ccf4eb8dcaf5,2647.12,355.29,2291.82,16.04,1538386.48,45.2,1.07,1.3,2.71,0.0,6.56
9fa22c035737529f,1547.06,212.31,1334.75,0.66,604959.09,45.2,0.5,0.58,1.44,0.0,5.36
9fca11ba401d6c90,3312.64,360.43,2952.21,0.61,2627653.41,45.78,1.02,1.24,3.13,0.0,5.4
a054a89ae31d4a6c,1415.04,194.07,1220.97,0.54,657331.53,45.21,0.3,0.29,1.06,0.0,4.99
a0a0f3a89b2e1c99,1845.31,215.55,1629.76,0.75,884648.08,49.66,66.03,124.52,93.32,2.88,32.69
a0b11c763cb72f04,1284.42,162.79,1121.63,0.75,393931.97,47.81,1970.25,2532.48,6143.9,0.48,157.76
a0f61f515340b11e,2859.9,390.91,2468.99,0.58,2637549.13,45.22,1.07,1.27,3.09,0.0,5.32
a1155bd1ffbb3916,555.06,62.93,492.13,11.1,113917.55,47.16,0.01,0.01,0.01,0.48,0.25
a170b09aebb68f67,4101.29,438.6,3662.69,17.81,3664477.61,46.09,2.33,3.98,4.04,4.8,7.1
a1b4115044360d92,138.5,16.14,122.35,0.78,3316.94,49.11,178.54,439.56,270.48,0.96,42.21
a1dcc36f0a42b857,1041.91,149.4,892.5,0.64,257383.93,45.21,0.17,0.25,0.49,0.0,2.82
a1dcfaaed410c587,1319.64,205.49,1114.15,4.67,417920.01,45.21,0.21,0.46,0.21,8.16,2.22
a2116f44a533db06,412.75,56.61,356.14,1.3,38942.45,45.89,0.09,0.16,0.2,0.96,1.06
a251dea566465f36,5087.3,683.64,4403.67,0.55,5364368.86,45.2,3.64,5.63,5.05,0.24,9.38
a29cee9b49748e24,535.17,63.96,471.21,3.0,57826.37,48.38,396.9,710.49,1074.58,0.48,75.5
a2b144a4ad662712,4506.19,449.4,4056.79,0.55,5954706.61,49.64,12.38,18.22,39.84,0.72,15.3
a317df84fc602812,370.58,53.87,316.7,0.91,26656.77,45.07,0.25,0.46,0.48,1.2,2.39
a31fd772d97bc394,607.62,73.58,534.04,9.32,65246.86,45.45,0.04,0.06,0.05,0.24,0.81
a3314ba15a6ff443,3265.16,454.4,2810.75,0.65,2530636.41,45.22,1.22,1.6,3.17,0.24,5.74
a372121ba9cbc527,275.82,100.11,175.71,0.61,34547.53,45.02,0.22,0.25,0.7,0.0,2.66
a3ffb71d472daa09,4300.88,514.9,3785.98,7.36,4043663.79,45.35,0.59,0.85,1.04,7.92,3.03
a41cc1a5afd70043,205.34,35.5,169.84,0.65,11526.59,48.56,0.4,0.79,0.85,0.24,2.47
a4304a22c6465f3b,707.24,114.29,592.95,0.61,126378.25,45.05,0.21,0.21,0.84,0.0,7.87
a4a2a7d7a482ecba,388.34,46.89,341.45,9.9,25957.18,47.77,0.02,0.03,0.03,0.96,0.47
a4ad0db6b04483ab,836.77,108.13,728.64,15.02,153087.65,45.9,0.11,0.12,0.06,8.64,1.01
a4dbf6b4754f872c,10824.02,1273.93,9550.09,16.35,22411012.42,49.33,9.13,14.0,6.07,8.16,10.95
a4dd0b4f2f0b5dee,195.43,24.34,171.08,0.6,6630.61,45.32,0.01,0.02,0.02,0.96,0.87
a5d9a8deb80a2ea6,4642.3,605.29,4037.0,0.56,4330923.4,45.19,3.4,4.99,5.41,0.24,9.11
a5f12c8927517a82,97.43,11.73,85.7,14.72,1711.89,47.44,0.0,0.01,0.0,6.24,0.17
a682df3800e54c0f,2122.64,280.37,1842.26,7.36,1072632.76,45.33,0.4,0.56,0.89,7.92,6.39
a68fa468dbaccebc,464.1,73.48,390.62,0.57,44560.87,45.18,0.07,0.11,0.22,0.0,5.51
a6937f1f55caba9e,114.57,13.88,100.69,7.36,2280.09,48.73,68.17,167.67,132.01,0.0,27.42
a6d4481b0faaf9a1,419.43,82.15,337.28,9.35,54116.48,45.04,0.19,0.43,0.22,8.16,6.53
a6edcff0b5edd187,7170.35,875.05,6295.31,0.59,9467587.51,45.35,6.1,9.83,8.76,7.92,11.76
a6f873254e509342,1280.13,148.3,1131.84,13.83,938079.0,47.13,0.01,0.01,0.01,7.92,0.24
a712bed64ea0da81,30418.1,3011.04,27407.06,3.42,260958952.15,45.29,63.12,81.78,156.28,2.16,30.2
a78f61e6de76df39,286.72,31.34,255.38,7.36,14594.17,49.18,218.11,237.16,757.62,0.0,60.97
a7c2f59bbac7104d,984.14,154.1,830.05,0.6,250838.65,45.21,0.48,0.63,1.76,0.0,12.38
a7ede046b2127d4d,1051.97,153.22,898.75,18.42,201784.66,45.57,0.24,0.45,0.4,1.68,2.6
a7ff644f99bb2f2d,4506.19,449.4,4056.79,0.55,5954706.61,49.64,12.38,18.22,39.84,0.72,15.3
a81015ed3d72faff,1889.17,272.4,1616.77,0.73,1256656.24,45.23,0.89,1.04,2.81,0.0,6.76
a8366897eaa6c5be,104.27,12.07,92.21,0.77,1935.99,49.73,52.42,85.3,141.77,0.0,28.33
a8a1b10ce0117e0e,2789.14,378.22,2410.92,7.36,1721447.52,45.18,0.95,1.46,1.84,7.92,6.85
a948de91e9f7e726,1896.87,269.18,1627.7,0.59,950816.19,45.23,0.6,0.66,1.64,0.0,6.38
a955f28ed2af5715,255.11,54.53,200.58,12.84,23121.92,45.17,0.06,0.09,0.08,1.68,1.07
a9b6a5d2968d31d9,3275.56,424.48,2851.09,0.65,3583556.5,45.4,1.37,1.04,5.05,0.24,6.81
a9d26ac9eaf486cc,4121.02,483.36,3637.66,0.56,4719799.57,45.28,10.58,17.22,17.44,0.72,14.24
a9f0393f53fe6df2,5578.82,629.49,4949.32,7.36,7461472.53,45.95,0.61,0.87,1.42,0.0,3.69
aa56cae9affbe494,2026.79,271.85,1754.94,0.59,1187741.65,45.24,0.66,0.71,2.06,0.0,5.68
aa6737ab5f708dad,270.39,24.53,245.86,4.09,13156.74,48.73,0.01,0.01,0.01,3.12,0.33
aa6fa29e7d688b18,189.59,24.86,164.74,16.02,6273.55,45.97,0.01,0.02,0.02,6.0,0.36
aa77f4c920581ca6,120.44,13.92,106.52,9.86,2600.6,49.27,303.33,294.84,1109.85,0.24,75.14
aa9683478da62f9b,647.6,73.34,574.26,14.02,75481.18,48.9,0.02,0.04,0.02,6.72,0.45
aaee197497d614af,2186.26,282.56,1903.69,7.36,1275421.88,45.45,0.59,0.72,1.43,7.92,5.47
ab0a818cf9c2d7bd,326.79,43.23,283.56,14.02,17918.84,46.47,0.03,0.07,0.02,5.04,0.64
ab17d786067af66d,1125.52,173.94,951.59,0.65,324306.56,45.13,133.77,224.74,171.6,4.32,39.64
ab32c81e4f9239bb,852.9,129.72,723.18,0.6,135129.79,45.32,0.06,0.1,0.08,6.72,1.41
ab7d51f5400f968f,274.11,49.58,224.53,0.7,44601.18,48.12,4.87,4.23,19.19,0.24,9.02
ab9fa81386f25477,22266.75,2294.33,19972.42,2.18,185567323.81,49.12,438.17,689.82,1380.63,0.96,76.53
aba38f412a9a447a,4748.34,605.52,4142.82,0.6,4410567.94,45.24,4.31,6.28,7.09,0.48,9.34
ababf89d438ddf8f,218.22,30.66,187.55,0.6,12992.97,46.92,300.36,479.98,591.13,0.72,67.67
abbdc7a52e2319fc,1575.41,307.02,1268.39,4.68,680308.49,45.27,41.03,83.38,89.21,0.48,22.45
ac405f2591b64c3d,463.86,54.79,409.07,13.93,37164.68,47.72,259.8,415.77,645.12,2.4,51.63
ac722e5d04792515,130.73,16.28,114.45,0.67,2840.58,48.18,200.49,217.85,618.3,0.48,53.95
acf717384885404c,181.23,21.75,159.48,7.36,5693.37,46.78,387.24,754.16,798.11,0.48,70.42
ad3d9e313829e83e,171.89,21.17,150.72,17.09,4916.19,48.3,138.05,158.82,413.86,0.48,39.81
ad4f8b2e1299f16a,3530.42,581.48,2948.93,11.04,5759570.55,45.23,124.83,209.63,163.29,4.32,39.13
ad9ca8f3a6ed3c37,1474.26,212.87,1261.39,0.57,593363.35,45.24,0.54,0.64,1.58,0.0,9.44
adc7ab049f9dd7d3,2491.97,333.47,2158.5,0.67,1585182.33,45.3,0.9,1.07,2.82,0.0,10.62
adfac3efe43fe11c,2139.43,321.16,1818.27,0.6,1006088.05,45.21,0.84,1.1,2.14,0.0,5.73
ae0e81ea540e8fc2,509.17,54.22,454.95,16.04,45386.01,49.44,261.19,510.59,506.6,0.24,53.86
ae49af7a7640ee58,1815.63,156.75,1658.87,4.67,759895.73,47.51,0.25,0.36,0.47,0.24,2.0
ae89c7b88b423c68,43333.78,3682.33,39651.46,1.34,1375064801.86,49.57,508.62,769.7,986.83,0.48,85.79
aea578ad48f6da19,23741.83,2566.9,21174.94,1.49,263801462.16,49.96,769.97,1193.32,2186.28,0.24,99.22
af23c6a42d68381f,5722.64,634.3,5088.34,0.63,6000665.46,46.37,5.05,7.89,7.77,7.92,11.48
af822a03f9d92e92,208.87,25.19,183.68,7.36,7347.88,49.83,210.92,279.38,655.26,0.0,59.69
af93af04133ca062,1861.52,248.49,1613.03,0.65,1725905.02,45.14,1.01,0.59,4.36,0.0,8.87
afac97c6d3e553a9,15034.03,2160.33,12873.7,2.56,88822548.84,49.88,0.08,0.16,0.13,4.08,0.79
aff1a02ad716e707,1006.63,148.01,858.62,9.04,268376.83,45.18,0.39,0.44,1.33,0.0,7.51
b01364b331719bd7,4792.0,625.6,4166.39,0.62,4511071.89,45.16,3.52,5.2,5.85,0.0,10.46
b042047025c81f10,11224.34,1316.97,9907.37,13.82,52370672.05,47.07,30.23,50.42,41.33,4.32,22.66
b0cc1f1eb5eb5ab6,8641.08,1002.44,7638.64,0.61,14274731.26,45.75,61.61,103.83,79.63,4.32,30.47
b10b905e7830c016,163.38,19.3,144.08,7.36,4905.27,47.73,263.04,365.66,693.26,0.96,63.87
b113dab25a438d3e,3122.86,354.94,2767.93,0.59,2746433.45,45.82,0.61,0.62,1.84,0.0,4.23
b1188e1faca4a9e3,347.68,43.93,303.76,13.8,20941.15,47.67,0.01,0.01,0.01,7.2,0.28
b151a23c87158e69,925.95,135.06,790.89,0.62,228523.23,45.18,0.2,0.32,0.61,0.0,4.74
b17cf8eaf96f8b11,871.99,118.81,753.18,3.82,184216.07,45.16,0.61,0.46,2.39,0.24,3.63
b1b4f33faa4578c8,3803.45,496.81,3306.64,0.73,3618501.92,45.21,1.39,1.58,3.1,0.0,6.93
b1bff17635bcf94e,192.21,32.25,159.96,0.7,14946.9,47.8,3.64,3.72,13.82,0.0,8.37
b22c5231da83060d,2479.1,326.41,2152.69,4.73,1469379.59,45.22,0.5,0.68,1.25,0.0,4.19
b275a9651042c4bc,218.33,24.85,193.48,7.01,8343.08,48.99,345.34,685.92,589.85,0.48,65.49
b28c85d3bd40d402,7495.08,875.72,6619.36,0.63,10321343.76,46.48,6.39,9.78,9.09,0.24,11.67
b2bf5178b216dff9,2903.39,391.71,2511.68,0.58,3014816.31,45.15,0.48,0.55,1.32,0.0,3.75
b309e2dad59021d4,362.41,46.05,316.36,6.67,22260.05,47.41,458.2,535.11,1678.89,0.0,91.16
b31ffcd2113507a5,3508.36,395.93,3112.43,0.65,3316668.24,46.44,0.46,0.52,1.34,0.0,3.09
b35f2e01c6a7663a,1856.5,253.69,1602.81,0.62,1308695.71,45.14,0.85,0.4,3.83,0.0,5.64
b394fa5722fd8f30,2822.49,342.02,2480.47,0.65,3303965.24,45.59,1.04,0.93,3.53,0.0,6.43
b3f33ccabe689f5b,321.51,58.01,263.5,11.31,28692.48,45.39,0.01,0.02,0.01,10.08,0.52
b42cbc9ee25ffd94,1783.03,253.68,1529.35,0.68,839765.67,45.29,0.61,0.66,1.99,0.0,8.15
b43164ee9cdf3fd9,171.44,20.36,151.08,7.36,5176.68,47.84,580.72,835.19,1742.48,0.24,96.16
b47ba966a4fb1174,422.89,55.1,367.79,5.29,32151.53,46.71,0.03,0.05,0.04,3.12,0.5
b4af6ab7c5fd1c5b,2113.53,281.23,1832.3,9.02,1226096.5,45.35,205.63,345.3,263.34,4.32,46.56
b50cb33b2106e809,1254.39,177.58,1076.81,0.65,431232.76,45.2,0.5,0.64,1.23,7.92,7.85
b5163a2207fd1269,2679.03,399.82,2279.21,0.6,1616222.56,45.22,1.53,1.78,3.14,0.0,8.66
b52c342a35b334fb,3131.25,389.12,2742.13,0.64,2244914.65,45.64,0.99,1.41,2.26,0.0,6.11
b52faa639b25b425,317.91,36.84,281.07,7.36,17474.98,49.13,246.67,607.73,483.66,0.24,55.15
b58bb2d45958536b,138.76,16.44,122.32,2.02,3406.33,48.7,1019.1,1192.39,3447.29,0.0,135.21
b5a4dbff6ef7484a,584.0,67.78,516.22,0.72,63150.5,47.49,0.02,0.04,0.03,7.92,0.64
b5c0542170dc19a6,384.54,62.09,322.45,4.67,39656.04,45.24,0.09,0.2,0.16,8.16,6.38
b5c8af5798362f77,938.51,156.54,781.97,0.62,284329.69,45.11,0.6,0.5,2.65,0.0,11.3
b5f876a483f971b6,526.19,53.69,472.49,7.15,49917.06,48.96,656.93,1465.27,1069.34,0.24,79.59
b6258c7ba9ca7a33,44295.41,4522.07,39773.35,1.16,1008936165.81,46.78,158.98,160.01,425.01,0.48,45.52
b6258dfc51e219d3,1295.53,179.08,1116.45,1.12,342284.4,45.21,0.32,0.4,1.06,0.0,3.14
b673522ea1ab3884,5567.15,658.62,4908.53,0.6,5776531.66,45.49,2.54,3.98,4.27,0.24,8.49
b6754bf7ab8d6097,186.74,23.89,162.85,0.75,6180.63,46.08,0.01,0.01,0.01,7.2,0.23
b68f3163b6b499ef,986.27,154.16,832.11,4.68,175110.06,45.16,0.25,0.39,0.34,0.24,3.86
b69ecaf24b02e4d8,156.92,21.53,135.39,7.36,4372.66,45.41,0.01,0.01,0.01,0.24,0.46
b6e09ea688733f3d,2717.77,329.85,2387.92,0.6,1957881.81,45.19,1.08,1.33,3.07,0.0,6.42
b6e5a2c0d24b91eb,1740.53,247.77,1492.77,0.55,1091991.14,45.25,0.66,0.65,2.37,0.0,5.56
b6eac0fca22e9644,1363.77,185.12,1178.65,9.34,411592.08,45.21,0.23,0.6,0.21,8.16,2.67
b6fa74ced1f40410,554.98,62.61,492.37,12.16,59959.37,47.08,0.02,0.03,0.02,7.92,0.4
b7388b22fe038fcd,159.17,20.3,138.87,7.36,4279.87,47.75,318.3,579.57,552.59,6.48,65.91
b746fe4b3a1d379e,81.97,9.91,72.05,7.36,1236.34,46.46,0.0,0.01,0.0,6.24,0.16
b759759ff1f70418,179.64,22.8,156.84,0.59,5875.67,45.27,0.01,0.02,0.01,0.24,0.47
b7a13dd440e4ce23,2365.52,337.12,2028.4,0.62,1162087.59,45.19,0.97,1.29,2.2,0.0,5.35
b7ac3f286b324c68,1013.61,178.73,834.89,7.36,296797.66,45.05,0.39,0.54,0.93,7.92,8.57
b7d387deecf23d61,7051.43,977.66,6073.77,0.6,10005414.64,45.46,4.16,6.38,9.54,0.0,8.79
b8079a96110248c1,7176.58,1273.87,5902.71,0.55,10653053.96,45.71,68.99,79.14,219.5,0.0,35.92
b826f144d59840a6,1336.05,215.15,1120.91,7.36,485608.3,45.07,157.46,265.71,202.81,4.32,41.23
b87c97fb922e286e,4152.63,621.02,3531.61,0.6,3634642.95,45.45,116.82,263.44,149.17,1.2,39.0
b8c3d6305e89107f,27468.65,3401.71,24066.95,11.04,288930926.96,47.12,11.48,13.34,30.83,0.0,14.68
b8fe022b17faad2e,1173.45,186.81,986.64,0.57,548198.68,45.06,0.66,0.55,2.61,0.0,6.92
b9250b94d1fbaba8,3789.7,619.78,3169.92,4.67,3057653.75,45.25,110.75,180.01,319.42,0.72,44.4
b93034c3083ade89,2349.85,279.52,2070.33,14.72,1403816.66,45.69,0.71,0.74,2.22,0.0,5.02
b938714eb87e9b1e,451.65,48.55,403.1,0.88,41463.26,48.53,211.69,379.14,274.53,6.48,52.01
b95efca618046eae,4226.38,605.7,3620.67,0.61,4550545.06,45.23,2.85,3.74,8.51,0.0,8.22
b97fa555d09195a7,319.57,40.27,279.3,0.75,19528.93,46.3,0.22,0.43,0.33,0.24,1.26
b9a38a859c2077cd,3317.66,563.73,2753.93,0.65,2471042.58,45.21,2.05,3.29,5.2,0.24,7.45
b9a44743ef004afe,29841.01,2329.1,27511.91,2.25,343458111.74,49.67,106.45,216.03,143.19,3.36,33.07
b9c4049cf0fc66f3,274.92,45.09,229.83,21.02,15430.72,45.49,0.01,0.02,0.01,4.32,0.39
b9cfbcb69ce9ec0e,390.05,48.35,341.71,1.14,27895.37,47.12,283.41,514.72,663.62,0.0,62.55
ba520a0d2c84a9cc,11250.62,1143.12,10107.5,0.5,56758561.7,45.53,43.6,69.22,76.98,0.24,25.42
ba539d573a41a4be,2365.52,337.12,2028.4,0.62,1162087.59,45.19,0.97,1.29,2.2,0.0,5.35
bb3e1ea770d7daf3,372.43,47.6,324.83,11.07,27781.18,46.05,0.02,0.03,0.03,0.48,0.43
bbc45efb994bada1,262.1,36.36,225.74,4.7,11501.03,45.33,0.02,0.03,0.02,0.72,0.53
bc69498d8f15218f,258.29,30.6,227.69,7.36,11442.67,49.95,154.07,307.05,283.13,0.24,48.85
bc8b835c1bdaa0c7,362.6,35.01,327.59,0.57,46465.73,48.21,4.17,3.68,16.57,0.0,9.67
bcd4dbfd52445b30,835.8,130.73,705.07,8.38,153907.27,45.35,0.14,0.13,0.1,7.2,1.33
bcdd9ec2021b2fde,26582.19,2774.57,23807.62,2.27,281747452.05,47.19,414.21,432.61,1506.45,0.0,84.96
bce2467c1cb2eeff,232.91,32.33,200.58,6.82,10524.37,45.3,0.01,0.03,0.02,5.76,0.56
bd5a85ebdc29b47d,1516.52,248.71,1267.8,0.6,722310.35,45.07,0.63,0.59,2.03,0.0,6.72
bd9f7c2084a20356,2511.17,308.38,2202.79,0.69,1217024.66,45.88,1.18,1.68,2.32,0.0,6.84
be251935d8335093,4506.19,449.4,4056.79,0.55,5954706.61,49.64,12.38,18.22,39.84,0.72,15.3
bede502a6636cfef,3172.61,438.99,2733.62,10.5,1747514.56,46.75,1.07,1.84,1.42,7.92,4.39
beeb563aad443d40,794.65,109.28,685.37,0.68,122888.95,47.26,645.85,750.33,2285.13,0.0,104.04
c049909f5db93218,2285.91,286.64,1999.27,0.62,1034018.35,45.19,1.33,2.14,3.47,0.24,6.77
c09755daa99c249a,3919.83,396.82,3523.01,0.67,3280870.9,45.53,77.72,186.86,108.98,0.48,36.67
c0a4fa58c4e21f85,380.95,64.33,316.62,9.06,27709.54,46.2,0.1,0.1,0.07,7.2,1.16
c0edcd278ef721f3,551.79,68.05,483.74,11.69,53098.0,47.8,0.02,0.03,0.02,0.96,0.41
c0f415ab832aaf81,5953.19,832.34,5120.85,1.53,31136527.54,45.14,156.78,288.11,296.95,1.92,47.15
c18f521ab88083f5,24239.67,3086.17,21153.5,1.59,249813582.14,45.38,319.78,445.44,879.73,0.24,70.59
c19b0024fdb14869,228.35,26.74,201.6,0.64,9210.7,48.37,199.27,445.51,245.43,4.8,46.92
c1b09e7ba2ebe60c,2331.17,398.81,1932.36,1.76,1216349.04,45.18,0.26,0.51,0.61,0.0,2.56
c1d1e6c8c2e62001,1391.81,222.12,1169.69,0.65,481870.67,45.08,0.58,0.8,1.37,7.92,7.16
c1ddbd84dce8bef3,461.75,52.68,409.07,7.36,36622.27,49.86,105.88,109.26,396.44,0.0,45.69
c1e3f5e2ce943a90,2106.39,292.89,1813.5,0.6,1501208.98,45.33,0.94,0.93,3.27,0.0,6.19
c239bbd0e97a68a8,2933.93,454.05,2479.88,0.74,1581672.13,45.11,6.32,9.46,8.88,7.68,13.81
c28bcca85c8e2031,10711.06,1268.28,9442.78,13.87,84553141.4,45.35,0.6,0.56,2.42,0.0,11.48
c2c9471f5996106b,2235.89,329.73,1906.16,0.65,1626011.41,45.15,154.15,259.58,199.06,4.32,40.68
c2d040d01dcf2c65,3354.67,413.29,2941.38,0.59,3242979.73,45.33,0.72,0.89,1.86,0.0,4.75
c302b060b76e0356,8164.68,906.27,7258.41,0.6,12244394.37,45.74,3.68,5.31,5.9,0.24,8.75
c333ce966eaceded,179.22,34.06,145.16,0.59,12272.12,47.59,2.85,2.47,11.26,0.24,6.73
c33e85b50920ba20,323.17,41.4,281.77,0.87,31892.47,50.12,1089.14,1580.95,3500.47,0.48,138.22
c34b85c0cf941d8a,43333.78,3682.33,39651.46,1.34,1375064801.86,49.57,508.62,769.7,986.83,0.48,85.79
c4b5629ed4850f96,1765.77,200.24,1565.53,0.84,529555.91,49.65,285.22,475.96,626.37,2.16,63.45
c4edbe639dc61c7f,1532.45,203.98,1328.47,0.62,699655.22,45.45,0.93,0.8,3.27,0.0,7.66
c5105e40a121ec67,43333.78,3682.33,39651.46,1.34,1375064801.86,49.57,508.62,769.7,986.83,0.48,85.79
c518fcac64779561,646.14,89.61,556.53,4.09,77900.36,45.9,0.04,0.08,0.07,2.88,0.73
c5306deacb9d25f1,294.01,40.16,253.85,14.05,15083.1,46.78,0.02,0.05,0.03,5.76,0.52
c5a2f17fa4c78742,4376.31,610.36,3765.95,0.64,4741769.14,45.22,2.85,3.36,8.4,0.0,8.41
c5d8b0ace9da39cd,697.46,89.17,608.29,11.06,287145.76,45.32,0.0,0.01,0.01,8.4,0.21
c61070422fb78d0f,190.84,22.5,168.35,7.36,6301.16,48.51,129.49,118.97,497.45,0.24,46.71
c63cfd9c952f74c1,1065.89,121.97,943.92,18.07,199309.49,49.05,133.08,212.42,244.73,2.88,41.18
c6619a5a34840934,2148.3,290.83,1857.47,0.57,1967545.67,45.17,1.09,0.87,3.95,0.0,7.6
c665ae92fd1d2efb,611.85,74.33,537.52,7.36,68054.79,49.27,139.6,254.37,326.88,0.0,48.3
c6bc95100a0257b3,234.39,28.35,206.04,0.63,9582.82,46.13,0.01,0.02,0.01,5.04,0.3
c6c1ca5ab896fea8,6495.31,722.94,5772.37,0.73,7596063.95,48.02,1.66,2.53,2.37,7.92,5.47
c785d943f9eaa5c8,433.25,106.39,326.86,0.7,41234.33,45.07,708.41,1234.15,1917.89,0.0,101.19
c78dd6b1198361eb,7358.59,981.03,6377.56,0.59,13498135.84,45.25,33.37,52.34,80.25,1.68,24.76
c79c6ab9485f034f,216.89,27.57,189.31,7.36,8243.93,46.42,0.0,0.01,0.01,3.6,0.22
c7ac3fe9c037d26c,547.37,79.72,467.64,14.99,51907.39,49.29,351.28,584.97,988.46,0.24,76.39
c7b5abcd59e67d03,405.22,63.21,342.01,4.67,49698.98,45.26,0.1,0.22,0.22,8.16,5.2
c7c26579c333086a,196.22,26.02,170.2,7.36,7555.68,48.22,193.47,441.22,305.32,2.88,46.46
c7fed1e32d8b1d80,2237.66,250.29,1987.37,1.46,868811.18,49.61,346.22,648.47,698.86,0.48,64.87
c80080d86936d170,34496.83,3726.71,30770.11,2.11,353069698.4,46.02,91.58,202.59,167.38,2.88,39.96
c8249dc3d0def58e,3201.52,438.96,2762.57,0.62,2277638.24,45.53,15.24,12.16,61.06,0.24,17.43
c8a9a6c6b011f68d,565.91,87.69,478.23,11.5,82982.18,45.18,0.1,0.13,0.09,6.96,3.02
c96680d96a3241d5,4946.12,560.31,4385.81,0.58,5025461.67,45.31,2.02,2.66,4.4,0.0,7.44
c99fad5c5322122a,1505.21,203.31,1301.9,0.6,730527.68,45.22,0.46,0.56,1.27,0.0,4.21
cbc252220447c841,4121.02,483.36,3637.66,0.56,4719799.57,45.28,10.58,17.22,17.44,0.72,14.24
cbfebb2752586017,2356.11,326.54,2029.57,0.52,1816698.66,45.18,0.76,0.78,2.26,0.0,8.51
ccb70ec05de477e4,306.04,36.95,269.09,15.73,16772.88,46.39,0.02,0.03,0.02,7.92,0.62
cd02fa4a2f9ae70a,706.79,126.91,579.88,0.51,181066.82,45.04,0.65,0.51,2.77,0.0,13.09
cd0b275647b96692,146.61,17.34,129.27,0.78,3640.81,49.32,322.03,284.07,1083.74,0.24,68.85
cd93f984d73e8820,841.12,123.43,717.68,4.67,221119.15,45.17,0.34,0.7,0.58,8.16,5.73
cdd90360f9052de2,15861.76,1771.42,14090.34,2.0,172839011.59,45.06,370.88,411.84,1181.06,0.72,58.29
ce06a73df06d721d,1409.62,197.68,1211.94,14.88,552051.57,45.39,0.44,0.56,1.42,0.0,10.33
ce567bf01be68475,2130.83,286.83,1844.0,7.36,842606.52,45.41,0.51,0.63,1.32,0.24,3.0
ce7d2947a46cd84d,135.33,13.47,121.85,14.98,3302.54,48.97,0.0,0.0,0.0,0.48,0.16
ce818e7288031a38,18470.09,1936.82,16533.27,11.08,336782062.98,47.12,0.6,0.79,1.52,0.0,4.0
cecd35a626c55d0c,7358.59,981.03,6377.56,0.59,13498135.84,45.25,33.37,52.34,80.25,1.68,24.76
ced48fdc0f5aa11e,368.29,48.8,319.5,1.79,25540.67,48.1,0.02,0.03,0.02,6.48,0.43
ceef205cc8e8ad12,167.98,19.94,148.04,16.03,4852.76,48.75,200.47,398.17,217.36,3.6,50.4
cf40bef8c73c846b,639.89,117.46,522.43,7.03,143093.58,45.18,0.39,0.94,0.39,5.76,1.85
cf44d20c6aa2d90e,481.18,64.95,416.23,1.25,41457.25,49.09,494.78,819.48,1172.19,2.64,78.33
cfb89a564d1e7add,792.52,118.42,674.1,4.67,166950.64,45.21,0.14,0.33,0.09,8.16,2.63
cfcd5e0e21103b8b,2961.4,331.81,2629.59,0.8,4969341.81,45.56,1.76,0.67,8.38,0.0,6.72
cfd3efc8b8988799,28104.17,2671.15,25433.03,2.46,317716302.04,45.22,324.14,303.6,1199.77,0.0,74.92
d036fe163c62409b,480.15,74.17,405.98,7.36,43139.67,45.12,0.04,0.08,0.05,7.92,1.12
d0439de8f0735f0c,3122.86,354.94,2767.93,0.59,2746433.45,45.82,0.61,0.62,1.84,0.0,4.23
d07d67ddf926f07e,583.9,89.52,494.38,9.35,123431.16,45.18,0.22,0.57,0.13,8.16,4.13
d141c00fdb0e3b1a,13656.26,1887.43,11768.83,2.07,107440266.34,45.29,176.08,304.86,455.04,0.72,40.04
d15d296f17da5fc4,377.91,46.39,331.52,7.36,23654.04,50.02,240.52,481.01,434.94,0.48,51.52
d1655bfeb9d8032a,2954.06,325.46,2628.6,0.56,2891177.11,45.22,24.08,22.07,86.32,0.48,21.83
d16cbb4ef7d9cb75,1647.83,209.85,1437.98,11.1,943485.07,47.12,0.78,1.3,1.2,4.32,3.73
d17944c364425592,279.59,38.46,241.13,4.7,14133.53,45.2,0.01,0.03,0.02,3.6,0.84
d1964344d40040bc,269.85,34.54,235.32,4.73,13036.67,45.47,0.01,0.02,0.01,2.64,0.35
d19ffe2cb530c5b5,325.81,43.84,281.97,15.16,21370.0,46.63,0.01,0.01,0.01,7.68,0.25
d22da5904bb32d37,917.17,126.94,790.23,0.6,172261.62,46.22,0.13,0.2,0.16,7.92,1.28
d24f9d7a84883ba2,3482.53,432.96,3049.57,0.58,2555501.7,45.2,0.98,1.57,2.16,0.0,6.14
d2fbe4f1fc1e83f2,1270.69,175.19,1095.49,0.9,572198.95,45.39,0.37,0.42,0.95,0.0,2.43
d2fc1767a5763c6d,401.36,50.35,351.0,16.59,82738.26,47.12,0.01,0.01,0.01,5.52,0.27
d30f7736eab344be,1637.5,230.47,1407.03,7.36,694190.26,45.32,0.48,0.64,1.0,7.92,6.07
d368c2940ab9898f,731.51,110.58,620.93,1.42,108451.06,45.19,0.49,0.64,1.25,0.24,3.23
d39c3826dddd40de,303.03,37.09,265.94,15.16,17563.92,48.6,0.01,0.01,0.01,7.68,0.25
d3cad95de6c76aca,258.29,30.6,227.69,7.36,11442.67,49.95,154.07,307.05,283.13,0.24,48.85
d408e39bc1714ddc,2973.33,406.05,2567.28,0.59,1839857.92,45.35,1.04,1.6,1.73,0.0,4.86
d4c0d18b11aefec4,240.68,42.64,198.04,0.76,14965.41,47.1,2834.53,3564.04,9292.64,0.24,226.4
d528122254d7d110,318.02,36.51,281.5,0.96,24564.01,48.74,117.54,187.13,350.4,0.48,44.62
d575cbbb0ea29536,2015.34,267.38,1747.96,0.61,1770860.81,45.2,0.92,0.68,3.55,0.0,7.74
d58c3b0f178b7c3a,28773.18,3079.26,25693.93,1.52,538875290.5,47.95,1542.16,3004.95,3999.46,0.0,163.91
d5c5b3a6531052df,2869.87,353.02,2516.85,0.61,2238103.62,45.19,1.31,1.39,4.07,0.0,8.54
d5d53cbfddadb2ec,928.69,122.72,805.97,0.54,203501.57,45.2,0.17,0.2,0.46,0.24,1.75
d5eb735cf6285913,237.91,30.94,206.98,7.36,10413.17,49.54,264.8,386.25,805.81,0.24,62.01
d5f2443d26db6cab,6436.11,930.87,5505.25,0.55,10988299.02,46.25,32.52,51.39,77.48,1.68,24.69
d6321bc2fb628c14,179.52,21.88,157.64,7.36,5487.0,48.21,296.34,549.03,547.83,0.48,59.89
d6ac784341be0e89,453.53,54.02,399.51,0.77,43372.03,48.71,495.5,696.66,1586.56,0.24,90.83
d6ae18bf6b6e2dbf,501.16,71.7,429.46,1.31,48303.11,45.3,0.07,0.11,0.17,0.24,1.03
d6e3f3e17615276c,2228.19,305.51,1922.68,0.56,1571711.08,45.2,0.59,0.77,1.44,0.0,6.1
d701f442ba362a0b,338.0,50.43,287.58,0.58,90239.93,46.69,10.36,15.21,34.23,0.96,13.94
d735fa42a77a724f,292.97,36.57,256.4,16.04,14687.41,45.92,0.01,0.01,0.01,5.52,0.28
d754f06a7d973a26,4270.1,523.45,3746.64,0.66,6273917.15,45.19,1.11,1.2,3.11,0.0,7.36
d75630c1c4ca21ad,317.61,37.11,280.5,6.41,19482.35,49.43,376.89,642.91,611.42,0.72,67.73
d7be14128c4b396a,528.32,87.34,440.98,14.25,91041.62,45.41,0.01,0.01,0.01,11.76,0.35
d86f61a8716afb05,351.81,63.0,288.81,0.57,22505.3,45.09,0.05,0.09,0.1,0.0,3.66
d875846b0c6c8b56,580.24,92.53,487.72,0.6,99049.38,45.24,0.22,0.27,0.95,0.0,14.63
d8b6626de433dc17,5283.82,642.53,4641.29,0.64,8146449.74,45.26,0.69,0.84,1.93,0.0,3.37
d8dbbe29f15a4202,2680.62,380.3,2300.31,7.36,1789992.9,45.09,1.03,1.41,2.53,0.0,7.16
d92afc377d996c1a,32852.79,4970.31,27882.48,1.97,306392895.76,45.33,92.92,203.33,172.5,0.72,39.95
d92f5d39d3641749,1090.04,159.22,930.82,17.09,376507.82,45.19,0.36,0.35,1.27,0.0,5.82
d9303c91f13eda6a,773.46,113.86,659.6,15.2,101540.49,48.3,0.09,0.16,0.09,8.4,1.01
d93ea15d2a1c056e,1253.38,196.56,1056.82,0.54,487374.84,45.08,0.56,0.65,1.95,0.0,11.42
d979d13597a5501f,2163.07,293.71,1869.36,0.63,1252262.05,45.34,0.64,0.8,1.44,7.92,6.53
da51bbbe44b985b2,1901.07,260.5,1640.58,14.72,1061299.87,45.2,0.59,0.74,1.56,0.0,7.0
da5ad7c1bf5d585d,169.9,21.85,148.05,7.36,5030.41,46.06,0.01,0.01,0.01,7.68,0.48
da726eebe95d052a,5021.44,667.35,4354.09,0.61,4765609.37,45.21,2.99,5.34,4.98,0.24,7.28
da7e4388827e48a9,467.73,59.47,408.25,0.66,48244.8,48.96,203.44,284.49,645.17,0.48,59.04
da887382a50db990,206.85,27.27,179.57,11.88,7603.16,45.63,0.01,0.02,0.01,7.92,0.3
da9655038353adde,5321.88,884.62,4437.25,2.88,16929558.09,45.33,133.24,334.52,282.64,1.68,38.06
daba3e1b826c23c9,14241.48,1671.66,12569.82,0.73,70472365.18,45.38,27.95,21.53,111.82,0.0,21.37
dacc267bfba7c32e,325.5,37.59,287.92,14.87,18535.01,48.85,0.01,0.02,0.01,5.76,0.31
db1a101c50fe226f,15272.61,1493.97,13778.63,13.83,204234927.24,47.18,0.64,0.82,1.74,0.0,5.1
db36f0184145bd25,531.69,61.4,470.28,4.1,51903.48,46.26,0.03,0.06,0.04,2.88,0.51
dba49fc0a3522a4e,597.37,98.58,498.79,4.67,116377.76,45.06,0.16,0.39,0.11,8.16,2.06
dc1ad3f5401ffad5,290.92,32.31,258.61,7.36,14823.89,50.62,0.0,0.01,0.01,2.64,0.19
dc7234c522b102e7,3575.93,378.26,3197.67,0.6,3476252.66,45.42,0.29,0.37,0.85,0.0,2.61
dc79ac82539d8956,6334.06,819.59,5514.47,0.65,7581352.51,45.29,5.04,7.65,7.37,0.24,9.49
dc9a3ed1eb782930,124.71,14.46,110.25,7.15,2746.07,48.33,175.91,402.64,363.93,1.2,42.07
dcdd72595329b83a,244.94,32.35,212.58,14.72,10980.85,48.68,408.1,856.77,848.71,0.24,67.25
dd3bbb073bea15db,2756.37,352.08,2404.29,0.62,1604213.18,45.61,0.87,1.29,1.69,7.92,7.48
dd65e4898df02e8b,22953.25,2348.06,20605.18,2.11,250987595.74,47.07,2221.09,4143.57,5320.84,0.24,196.83
ddf3f52a53176648,7358.59,981.03,6377.56,0.59,13498135.84,45.25,33.37,52.34,80.25,1.68,24.76
de867a0e6acf0e26,1192.17,128.39,1063.78,0.91,433141.98,45.58,0.38,0.52,1.11,0.0,2.71
dec4ef7b1d09a10e,2275.78,263.3,2012.48,9.91,903252.92,49.08,286.02,417.2,827.64,0.72,55.33
dfb62045ccbcda16,1982.37,263.19,1719.18,0.61,1060065.96,45.2,0.28,0.33,0.83,0.0,3.61
dffc84a0d2da1e57,153.06,18.96,134.1,1.16,4017.46,47.21,0.01,0.01,0.01,4.8,0.2
dffe532b735e70ef,5283.82,642.53,4641.29,0.64,8146449.74,45.26,0.69,0.84,1.93,0.0,3.37
e0d9104e47e72979,49.25,6.43,42.82,8.17,418.23,46.58,0.0,0.01,0.0,6.96,0.15
e0fbd790b1a66ea0,7112.69,835.35,6277.34,0.56,9933562.53,45.39,5.67,8.39,12.44,0.24,10.75
e103938976c8acef,248.12,29.64,218.48,7.36,10725.04,48.84,292.35,347.92,786.41,0.0,63.47
e1139606cbe23925,2956.1,327.24,2628.86,0.77,2151120.17,48.16,11814.76,10590.47,47197.78,0.0,402.04
e137635e8fa906a0,6013.8,940.66,5073.15,2.68,20271206.49,46.84,11.66,17.11,33.3,0.0,14.67
e177a59f9b3f7fdf,34496.83,3726.71,30770.11,2.11,353069698.4,46.02,91.58,202.59,167.38,2.88,39.96
e1a5297b88cfa6d6,430.14,55.56,374.58,10.02,38814.75,47.95,0.03,0.04,0.02,7.2,0.49
e1e96d1bc71e41b1,763.2,101.73,661.47,0.52,198696.88,45.37,0.18,0.19,0.64,0.0,5.06
e23a7c049d30a307,4300.88,514.9,3785.98,7.36,4043663.79,45.35,0.59,0.85,1.04,7.92,3.03
e23d8acb7f991b3f,6536.02,855.77,5680.24,0.59,8085039.29,45.26,3.49,5.79,6.64,0.24,8.47
e2458a9dc293eeb8,22227.95,2366.83,19861.12,1.88,175962036.74,46.59,672.61,1243.29,1755.88,0.72,99.23
e2985a10ea36d89b,3653.69,392.64,3261.05,0.61,4244046.82,45.33,0.44,0.5,1.3,0.0,3.49
e2eac23844eb7ccf,3340.27,410.1,2930.17,0.59,3367443.58,47.84,162.98,233.53,534.84,0.24,48.34
e2f0c81236eecbdb,1246.95,220.64,1026.31,0.59,601792.43,45.05,0.84,0.67,3.08,0.0,11.76
e30ef0fa418bb0c7,1172.4,168.97,1003.43,0.81,433821.98,45.15,0.72,0.56,3.02,0.0,10.59
e4039fd54cd7cafb,4057.42,569.8,3487.62,10.09,6681745.33,46.14,7.03,3.57,2.61,8.88,11.39
e4c5bdae44b02031,30615.25,2573.04,28042.2,2.29,321461727.08,49.69,197.4,286.86,592.86,0.24,52.32
e4c83f4c3fa11856,11608.91,1258.49,10350.42,1.72,63352776.83,48.04,168.34,226.42,545.42,0.0,53.23
e4eb749583b294b1,200.16,28.7,171.46,0.78,14629.6,46.96,410.04,570.42,1306.92,0.24,78.96
e4f7ffd835123471,160.43,19.53,140.9,7.36,4412.72,48.0,377.7,746.47,830.98,0.72,62.46
e4fb009dd9e1743c,700.9,122.6,578.3,4.67,138786.17,45.06,0.33,0.69,0.61,8.16,8.13
e51ef11b6088a652,248.06,30.09,217.97,14.72,11512.24,48.92,438.2,804.9,860.49,0.96,67.5
e583ade5b1015680,692.63,86.68,605.95,2.06,81008.21,47.59,385.35,741.2,675.8,3.84,66.74
e676a265ac84a42b,532.38,83.83,448.55,4.67,73497.38,45.21,0.14,0.35,0.07,8.16,2.09
e68901f0124d0fbe,1160.2,163.19,997.01,0.62,378930.81,45.33,0.26,0.29,0.99,0.0,6.26
e6d18d872f71fb8d,521.33,88.34,432.99,16.04,54560.72,49.57,121.64,188.8,317.16,0.0,41.54
e70df7001e561381,1845.31,215.55,1629.76,0.75,884648.08,49.66,66.03,124.52,93.32,2.88,32.69
e720f38abc2595f7,15345.58,1745.23,13600.34,3.32,60082944.12,46.64,36.23,30.98,120.64,2.16,24.75
e73d455601a318c4,9057.11,934.54,8122.57,0.59,15062530.26,47.35,3.73,5.87,5.24,7.92,8.47
e7bfa6258540ecb4,916.44,133.1,783.34,0.62,220966.71,45.28,0.51,0.44,2.08,0.0,6.72
e7d71e174a13e2e1,3206.32,425.01,2781.32,0.61,2248946.5,45.42,0.98,1.32,1.96,7.92,6.59
e7f7ec3e2031231f,1231.12,180.59,1050.53,0.62,378321.2,45.3,0.78,0.97,2.22,0.0,13.17
e80b3190a8890be8,2831.17,421.4,2409.77,0.7,1883738.49,45.39,1.39,1.92,3.39,0.0,7.75
e847319326c7d362,1222.73,179.12,1043.61,0.56,403638.14,45.08,0.2,0.22,0.7,0.0,4.56
e8fd34b082ae723e,298.61,38.66,259.95,11.15,17010.15,45.79,0.01,0.01,0.01,3.6,0.32
e95278149c956e08,1117.54,142.67,974.87,16.27,249207.22,45.99,0.14,0.31,0.22,2.88,1.3
e953d42ab23171b8,547.81,80.03,467.78,7.36,54492.78,45.12,0.04,0.08,0.05,7.92,1.24
e9a0ca91edf62b05,261.54,31.55,229.99,7.36,12589.44,46.9,0.0,0.01,0.01,8.16,0.2
ea07802b409d1c49,410.31,50.11,360.19,13.15,33118.41,46.4,0.01,0.03,0.02,4.8,0.33
ea1c37c630e1d03c,5893.62,674.8,5218.82,0.62,7422609.94,45.63,0.73,1.02,1.45,0.0,3.95
ea2ea72aad6856c1,379.75,43.99,335.76,7.36,24514.89,49.43,727.62,1122.41,2111.86,0.24,102.43
eb401383e5774847,4152.63,495.19,3657.44,0.6,3052373.55,46.11,3.54,5.5,5.49,0.24,9.8
eb5d4ae52c84188a,5498.85,699.8,4799.05,0.92,5330843.18,47.09,5.33,7.36,6.19,6.96,9.14
eba4f06f4253285d,1087.46,122.85,964.6,1.5,205635.38,49.36,167.06,369.84,238.81,2.88,43.97
ebf5f5602685557d,2053.44,281.67,1771.77,7.36,1090256.31,45.22,0.82,0.78,2.84,0.0,6.46
ec64e728225ff875,3680.09,555.78,3124.31,0.64,2606373.14,45.57,1.85,2.92,3.21,0.24,6.69
ec653387ca004826,336.94,44.5,292.44,13.63,20912.59,46.77,0.01,0.02,0.01,3.84,0.31
ed0e90ba52e77a89,261.98,30.18,231.8,1.6,11981.62,49.63,124.6,297.17,258.88,2.88,40.89
ed32a438da8c6ccf,3309.27,406.22,2903.06,0.64,3749383.34,45.31,1.04,0.71,3.99,0.0,4.56
ed380865fb3ca64b,3122.86,354.94,2767.93,0.59,2746433.45,45.82,0.61,0.62,1.84,0.0,4.23
ed8460312694b8c2,415.15,63.69,351.46,7.36,31385.6,45.15,0.07,0.12,0.17,0.0,3.94
edbdf8d465016614,16985.74,1649.05,15336.69,2.31,118343079.83,49.8,327.75,776.67,451.19,5.28,66.7
ee0e8df4123ebc0f,1417.02,211.1,1205.92,0.67,536601.06,45.24,185.44,310.87,237.48,4.32,44.58
ee1a262f48384a5e,367.95,49.11,318.84,6.98,24240.23,47.07,0.05,0.13,0.07,5.76,0.84
ee21bb14f47c7fa8,311.63,36.04,275.59,7.24,17437.32,50.53,206.02,421.96,357.99,0.72,39.05
ee3b1f814123f806,194.99,23.69,171.3,1.07,6467.16,45.72,0.01,0.01,0.01,0.24,0.32
eff057c18829fc00,865.91,108.32,757.59,14.99,137076.71,45.8,0.09,0.13,0.18,0.96,1.38
f021d585b15fbef9,425.89,51.3,374.59,0.96,31417.79,49.16,411.35,834.58,768.61,0.48,66.78
f05a31e21b227fe5,735.73,87.41,648.32,3.0,105102.27,47.72,163.28,348.46,262.25,3.36,44.27
f06e9d6d4c6efa99,2336.39,315.2,2021.19,7.36,1340048.53,45.2,0.86,1.7,1.49,7.92,5.8
f10f7a2f24573edc,432.09,61.67,370.41,14.72,41541.95,49.37,8.13,13.0,6.88,8.88,10.54
f15174b25b625aa9,3470.33,452.18,3018.15,0.53,2583559.73,45.2,3.07,4.21,5.49,0.0,9.36
f169e5fbcd92554a,613.06,68.02,545.04,7.36,65475.31,49.76,62.63,92.86,188.63,0.0,32.07
f1972cf8385c919e,134.34,16.2,118.14,7.36,3141.43,48.74,0.0,0.01,0.0,7.44,0.17
f19b2749bd8ed3f1,2935.25,364.23,2571.03,0.64,2669427.2,45.3,1.06,0.71,4.1,0.0,4.76
f1a4fd3180003d1f,182.27,22.37,159.89,0.61,6483.12,49.59,1028.27,1320.92,3468.07,0.0,132.32
f1af8734d154e3e9,218.24,26.44,191.8,9.51,8520.24,45.82,0.01,0.01,0.01,3.6,0.35
f1e02dabe1163857,2223.6,271.39,1952.22,7.36,1355001.43,45.51,0.61,0.71,1.69,0.0,7.38
f1f4c8ef58a17361,1500.96,196.81,1304.14,0.55,632855.68,45.4,0.39,0.49,1.23,0.0,7.69
f1fd3ef196b8da64,233.26,26.23,207.03,16.03,9630.76,49.88,111.36,139.69,329.2,0.72,42.94
f2066df358e58c56,2689.63,358.55,2331.08,0.64,1805420.89,45.2,0.44,0.64,0.9,7.92,3.85
f24832538dff2220,1025.09,128.31,896.79,10.17,218806.63,45.62,0.2,0.37,0.16,8.88,1.28
f26301f87ad79567,147.02,19.2,127.82,0.75,4465.59,48.31,264.01,449.58,716.25,0.48,60.35
f267166ee99e91ac,442.85,60.55,382.3,7.36,36354.92,45.37,0.06,0.17,0.1,3.12,1.48
f2678fe4d8119686,3365.02,513.61,2851.41,0.6,2829612.69,45.21,0.94,1.26,2.49,0.0,6.05
f2692e522cdb4049,2097.24,309.18,1788.06,0.62,1741762.22,45.07,1.13,0.84,4.36,0.0,6.28
f2a267e8460986ff,138.28,20.43,117.85,0.89,3637.44,48.35,0.25,0.26,0.75,0.24,2.0
f338eb676f765e17,20229.33,2243.42,17985.91,2.23,204219977.3,48.29,822.85,1058.05,2716.12,0.24,122.96
f35132f1803200a9,300.73,44.87,255.86,0.64,17038.25,50.76,558.53,858.65,1578.98,0.48,93.61
f36f62c98939f22c,168.83,27.63,141.2,0.69,5303.96,45.2,0.01,0.01,0.01,3.6,0.43
f37f3bd9200bc76b,1770.8,278.79,1492.01,0.54,1074415.29,45.07,0.89,0.72,3.16,0.0,4.45
f3e54c4538ff497b,1413.51,198.97,1214.54,9.04,437343.83,45.22,0.77,0.97,2.31,0.0,11.02
f40d167fd2954c10,274.12,53.11,221.01,0.62,16186.75,45.05,114.44,145.89,333.29,0.72,43.07
f503f6277e945039,1363.77,185.12,1178.65,9.34,411592.08,45.21,0.23,0.6,0.21,8.16,2.67
f52013d9edaac307,228.36,32.2,196.17,7.36,9155.59,45.22,0.01,0.02,0.01,1.68,0.34
f558fc26e798b4cb,2019.11,321.51,1697.6,0.6,1287174.75,45.09,0.89,1.02,2.53,0.0,9.35
f6c8e800d73ec39f,2012.59,268.18,1744.41,7.36,919557.4,45.47,0.57,0.75,1.58,0.0,6.38
f6f26ddea58399db,9790.07,1484.19,8305.89,7.5,16401369.04,49.78,221.99,319.4,565.43,0.72,56.96
f795fe71b09904df,2479.25,312.38,2166.87,0.55,1739236.55,45.32,0.52,0.58,1.6,0.0,4.73
f7f5f890802a1501,394.12,50.28,343.84,0.6,28415.91,50.44,0.12,0.23,0.28,0.0,1.79
f7f9b0b2a90c17f4,23535.23,3535.19,20000.04,1.67,156250694.1,46.66,487.09,753.78,1453.01,0.0,89.06
f7ff0e3bd0c2e250,632.97,68.92,564.05,10.27,70323.61,49.65,205.52,434.65,214.7,4.08,44.79
f83ec0a0615a3066,23272.6,1947.97,21324.64,1.72,296937947.64,50.65,284.08,376.88,762.68,0.24,66.89
f89545a1f46ff403,2386.68,327.9,2058.78,0.58,1323987.5,45.15,0.74,1.04,1.8,0.0,8.77
f8d26c32f75db96f,8952.29,1020.73,7931.56,0.5,56559134.49,46.51,21.63,34.57,38.03,0.24,18.58
f8e452422cd90b93,290.18,34.69,255.49,12.18,15203.34,45.96,0.01,0.01,0.01,5.76,0.25
f8e8289e5b983a10,2269.33,336.85,1932.47,0.55,1511267.09,45.09,0.73,0.81,2.1,0.0,4.46
f90d0904fcf691cf,2729.98,384.75,2345.23,5.52,1609046.49,47.77,0.51,1.42,0.53,4.32,2.98
f96d08ca514429b3,606.37,70.92,535.46,18.07,63130.79,49.62,255.62,430.35,499.45,0.0,57.13
f97ad3c3bcfb260e,1781.45,265.7,1515.75,7.36,772598.08,45.1,0.64,0.76,1.85,0.24,5.09
f98a1bea0b2624c6,3504.53,424.26,3080.27,0.58,4488200.48,45.23,0.18,0.18,0.52,0.0,2.08
fa0aa05b470fc22d,22262.91,2194.02,20068.89,13.84,368944039.59,47.11,0.73,0.7,2.56,0.0,6.34
fa1d2027a5633855,628.91,135.6,493.32,0.65,139018.0,45.02,0.9,0.9,5.51,0.0,24.53
fa47368ca75399e5,680.37,98.3,582.08,0.59,100595.73,45.2,0.25,0.36,0.75,0.0,8.79
fa53647dea50292e,1067.39,149.02,918.37,0.59,291018.06,45.43,0.48,0.43,1.92,0.0,7.02
faeb6d73adc84395,1727.66,260.24,1467.42,0.66,592310.97,45.14,1.83,2.68,4.03,0.0,10.26
fb766c09481c8cf2,1884.8,275.14,1609.66,0.56,884854.25,45.07,170.58,286.41,218.55,4.32,43.3
fbaf106c60759a9e,1661.51,252.64,1408.87,14.72,507360.12,45.25,0.44,0.81,1.04,0.48,3.18
fc340520704c7860,25943.76,2563.37,23380.39,11.07,311119444.65,49.96,15.82,23.21,36.96,4.32,17.17
fc54c22b59b1e180,12871.37,1283.54,11587.83,16.62,126513706.83,47.09,0.63,0.86,1.63,0.0,5.94
fc9d1351370ad8c6,374.71,43.66,331.05,16.03,24496.72,48.95,768.91,2027.79,607.2,3.6,91.02
fcfee2d3aab0809b,1446.43,223.22,1223.21,0.62,850145.32,45.07,0.42,0.29,1.72,0.0,5.97
fd11837626082151,180.17,21.85,158.32,0.61,5652.88,48.82,0.0,0.01,0.01,1.68,0.18
fd263e9a96356c94,2642.08,355.6,2286.48,7.36,1667639.41,45.18,0.76,0.92,2.13,0.0,4.47
fd8fa4f3318473c9,597.24,69.8,527.44,3.03,61333.92,47.42,0.04,0.07,0.07,1.92,0.55
fe292a8a920bcf24,2328.41,312.46,2015.96,0.54,2150266.46,45.18,0.96,0.63,3.92,0.0,7.62
fe3f67d8dbd33f25,3846.25,368.63,3477.61,0.61,3880004.49,46.06,14.92,11.34,60.21,0.24,17.41
fe6731d18ecb3414,747.46,81.04,666.42,11.09,260152.49,49.89,0.01,0.01,0.01,6.0,0.25
fe786d8d74bfef60,155.88,21.91,133.98,0.63,4287.96,45.5,0.02,0.02,0.05,0.0,0.66
fe8893236d56a8fc,537.62,134.92,402.69,0.57,98045.02,45.03,2.89,4.65,6.43,0.24,7.87
fe9324aa46382ff5,130.86,16.62,114.24,0.93,2903.29,49.3,200.47,409.83,451.65,3.36,53.78
ff5c0ba0edf25cf2,3465.44,476.34,2989.1,0.64,2393360.64,45.27,1.1,1.59,1.99,0.0,4.75
ff9d82108883542a,207.4,26.07,181.34,7.36,7376.23,46.12,0.01,0.02,0.02,0.24,0.48
ffc167ad138cf4a7,2423.18,309.71,2113.47,0.71,1715274.39,45.34,0.52,0.65,1.22,7.92,6.55
ffcb585a8a103c92,173.08,26.02,147.06,3.2,5698.56,45.13,0.01,0.01,0.01,1.92,0.44
ffcc94cd9bc06e15,15660.18,1684.57,13975.61,16.63,172302208.93,47.14,1.37,1.76,3.99,0.0,8.45
